Website,Agency,Bureau,Branch
myafn.dodlive.mil,Defense-wide,American Forces Network,Executive
www.afneurope.net,Defense-wide,American Forces Network Europe,Executive
www.afnpacific.net,Defense-wide,American Forces Network Pacific,Executive
at.dod.mil,Defense-wide,Anti-Tamper Executive Agent,Executive
afd.defense.gov,Defense-wide,Armed Forces Day,Executive
armedforcessports.defense.gov,Defense-wide,Armed Forces Sports,Executive
la.defense.gov,Defense-wide,ASD Legislative Affairs,Executive
basicresearch.defense.gov,Defense-wide,Basic Research | Research Directorate,Executive
capstone.ndu.edu,Defense-wide,Capstone,Executive
casl.ndu.edu,Defense-wide,Center for Applied Strategic Learning,Executive
cco.ndu.edu,Defense-wide,Center for Complex Operations,Executive
www.cdse.edu,Defense-wide,Center for Development of Security Excellence (DCSA/CDSE),Executive
cjsl.ndu.edu,Defense-wide,Center for Joint and Strategic Logistics,Executive
wmdcenter.ndu.edu,Defense-wide,Center for the Study of Weapons of Mass Destruction,Executive
dodcio.defense.gov,Defense-wide,Chief Information Officer,Executive
dam.defense.gov,Defense-wide,Chief Management Officer,Executive
www.ccpo.mil,Defense-wide,Cloud Computing Program Office,Executive
cisa.ndu.edu,Defense-wide,College for International Security Affairs,Executive
cic.ndu.edu,Defense-wide,College of Information and Cyberspace,Executive
ctip.defense.gov,Defense-wide,Combating Trafficking in Persons,Executive
comptroller.defense.gov,Defense-wide,Comptroller,Executive
dacowits.defense.gov,Defense-wide,Defense Advisory Committee on Women in the Services,Executive
dbb.defense.gov,Defense-wide,Defense Business Board,Executive
dcips.defense.gov,Defense-wide,Defense Civilian Intelligence Personnel System,Executive
www.dcaa.mil,Defense-wide,Defense Contract Audit Agency,Executive
www.dcma.mil,Defense-wide,Defense Contract Management Agency,Executive
www.dcsa.mil,Defense-wide,Defense Counterintelligence and Security Agency,Executive
www.dss.mil,Defense-wide,Defense Counterintelligence Security Service,Executive
www.defenseculture.mil,Defense-wide,Defense Equal Opportunity Management Institute,Executive
www.dfas.mil,Defense-wide,Defense Finance Accounting Service,Executive
www.dimoc.mil,Defense-wide,Defense Imagery Management Operations Center,Executive
www.dinfos.dma.mil,Defense-wide,Defense Information School,Executive
innovation.defense.gov,Defense-wide,Defense Innovation Board,Executive
www.dia.mil,Defense-wide,Defense Intelligence Agency,Executive
www.dla.mil,Defense-wide,Defense Logistics Agency,Executive
www.dhra.mil,Defense-wide,Defense Manpower Data Center (DMDC),Executive
www.dma.mil,Defense-wide,Defense Media Activity,Executive
doha.ogc.osd.mil,Defense-wide,Defense Office of Hearings and Appeals,Executive
www.dpaa.mil,Defense-wide,Defense POW/MIA Accounting Agency,Executive
dpcld.defense.gov,Defense-wide,Defense Privacy and Civil Liberties Division,Executive
www.dsp.dla.mil,Defense-wide,Defense Standardization Program,Executive
www.dspo.mil,Defense-wide,Defense Suicide Prevention Office,Executive
www.dtra.mil,Defense-wide,Defense Threat Reduction Agency,Executive
www.travel.dod.mil,Defense-wide,Defense Travel Management Office (DTMO),Executive
www.defense.gov,Defense-wide,Department of Defense,Executive
www.dc3.mil,Defense-wide,Department of Defense Cyber Crime Center (DC3),Executive
www.dodig.mil,Defense-wide,Department of Defense Inspector General,Executive
dodsoco.ogc.osd.mil,Defense-wide,Department of Defense Standards of Conducts Office,Executive
oig.dia.mil,Defense-wide,DIA Inspector General,Executive
pavilion.dinfos.edu,Defense-wide,DINFOS Pavilion,Executive
www.dote.osd.mil,Defense-wide,Director Operational Test and Evaluation (DOTE),Executive
www.cac.mil,Defense-wide,DOD Common Access Card,Executive
www.dodmantech.mil,Defense-wide,DOD MANTECH,Executive
www.dodnafaccounting.defense.gov,Defense-wide,DOD NAF Accounting,Executive
jnlwp.defense.gov,Defense-wide,DOD Non-Lethal Weapons Program,Executive
open.defense.gov,Defense-wide,DOD Open Government,Executive
www.repi.mil,Defense-wide,DOD Readiness and Environmental Protection Initiative,Executive
www.cloud.mil,Defense-wide,Enterprise Cloud,Executive
www.esd.whs.mil,Defense-wide,Executive Services Directorate,Executive
dodcertpmo.defense.gov,Defense-wide,Human Capital Management Office,Executive
irt.defense.gov,Defense-wide,Innovative Readiness Training,Executive
inss.ndu.edu,Defense-wide,Institute for National Strategic Studies,Executive
ismo.ndu.edu,Defense-wide,International Student Management Office,Executive
jamrs.defense.gov,Defense-wide,Joint Advertising Market Research and Studies,Executive
www.jecc.mil,Defense-wide,Joint Enabling Capabilities Command,Executive
jfsc.ndu.edu,Defense-wide,Joint Forces Staff College,Executive
keystone.ndu.edu,Defense-wide,Keystone,Executive
www.businessdefense.gov,Defense-wide,Manufacturing and Industrial Base Policy,Executive
www.metc.mil,Defense-wide,Medical Education and Training Campus,Executive
valor.defense.gov,Defense-wide,Military Awards for Valor,Executive
militarypay.defense.gov,Defense-wide,Military Pay,Executive
minerva.defense.gov,Defense-wide,Minerva Research Initiative,Executive
www.ndu.edu,Defense-wide,National Defense University,Executive
ndupress.ndu.edu,Defense-wide,National Defense University Press,Executive
www.airdomainintelligence.mil,Defense-wide,National Intelligence Manager for Aviation (NIM-A),Executive
www.nro.gov,Defense-wide,National Reconnaissance Office,Executive
www.nsa.gov,Defense-wide,National Security Agency,Executive
oig.nsa.gov,Defense-wide,National Security Agency Inspector General,Executive
nwc.ndu.edu,Defense-wide,National War College,Executive
www.norad.mil,Defense-wide,North American Aerospace Defense Command,Executive
dodsioo.defense.gov,Defense-wide,OASD for Intelligence Oversight,Executive
diversity.defense.gov,Defense-wide,Office of Diversity Management and Equal Opportunity,Executive
opa.defense.gov,Defense-wide,Office of People of Analytics (OPA),Executive
business.defense.gov,Defense-wide,Office of Small Business Programs (Business.Defense),Executive
actuary.defense.gov,Defense-wide,Office of the Actuary,Executive
dodmwrandresalepolicy.defense.gov,Defense-wide,Office of the Deputy Assistant Secretary of Defense for Military Community & Family Policy (DoD MWR and Resale Policy),Executive
ogc.osd.mil,Defense-wide,Office of the General Counsel,Executive
ousdi.defense.gov,Defense-wide,Office of the Under Secretary of Defense for Intelligence,Executive
data.defense.gov,Defense-wide,Open Data,Executive
history.defense.gov,Defense-wide,OSD Historical Office,Executive
www.dodcui.mil,Defense-wide,OUSD Information and Security Policy,Executive
policy.defense.gov,Defense-wide,OUSD Policy,Executive
www.pfpa.mil,Defense-wide,Pentagon Force Protection Agency,Executive
www.prs.mil,Defense-wide,Periodic Review Secretariat,Executive
pinnacle.ndu.edu,Defense-wide,Pinnacle,Executive
purview.dodlive.mil,Defense-wide,Purview (was DoDLive),Executive
rwtf.defense.gov,Defense-wide,Recovering Warrior Task Force,Executive
rcnsc.ndu.edu,Defense-wide,Reserve Component National Security Course,Executive
rfpb.defense.gov,Defense-wide,Reserve Forces Policy Board,Executive
www.defensesbirsttr.mil,Defense-wide,Small Business Innovation Research,Executive
sfb.dodlive.mil,Defense-wide,State Facility Boards,Executive
tasa.dma.mil,Defense-wide,Television-Audio Support Activity,Executive
www.test-evaluation.osd.mil,Defense-wide,Test and Evaluation Enterprise,Executive
es.ndu.edu,Defense-wide,The Eisenhower School,Executive
execsec.defense.gov,Defense-wide,The Executive Secretary,Executive
www.dote.osd.mil,Defense-wide,"The Office of the Director, Operational Test and Evaluation",Executive
www.usfj.mil,Defense-wide,U.S. Forces Japan,Executive
www.usfk.mil,Defense-wide,U.S. Forces Korea,Executive
prhome.defense.gov,Defense-wide,Under Secretary of Defense for Personnel and Readiness,Executive
vwac.defense.gov,Defense-wide,Victim and Witness Assistance Council,Executive
warriorcare.dodlive.mil,Defense-wide,Warrior Care,Executive
www.whs.mil,Defense-wide,Washington Headquarters,Executive
www.publicweb.dma.mil,Defense-wide,Web Enterprise Business (Web.mil),Executive
www.whitehousecommsagency.mil,Defense-wide,White House Communications Agency,Executive
www.alsa.mil,Joint,Air Land Sea Application Center,Executive
www.inherentresolve.mil,Joint,Combined Joint Task Force - Operation Inherent Resolve,Executive
www.jbab.jb.mil,Joint,Joint Base Anacostia-Bolling,Executive
www.jba.af.mil,Joint,Joint Base Andrews,Executive
www.jbcharleston.jb.mil,Joint,Joint Base Charleston,Executive
www.jber.jb.mil,Joint,Joint Base Elmendorf-Richardson,Executive
www.jble.af.mil,Joint,Joint Base Langley-Eustis,Executive
www.jbmdl.jb.mil,Joint,Joint Base McGuire-Dix-Lakehurst,Executive
www.jbsa.af.mil,Joint,Joint Base San Antonio,Executive
www.jcs.mil,Joint,Joint Chiefs of Staff,Executive
www.jcu.mil,Joint,Joint Communications Unit,Executive
www.jiatfs.southcom.mil,Joint,Joint Interagency Task Force South,Executive
www.jpra.mil,Joint,Joint Personnel Recovery Agency,Executive
jsc.defense.gov,Joint,Joint Service Committee on Military Justice,Executive
www.jtnc.mil,Joint,Joint Tactical Networking Center,Executive
www.jtfcs.northcom.mil,Joint,Joint Task Force Civil Support,Executive
www.jtfgtmo.southcom.mil,Joint,Joint Task Force Guantanamo,Executive
www.jtfn.northcom.mil,Joint,Joint Task Force North,Executive
www.jtfb.southcom.mil,Joint,Joint Task Force-Bravo,Executive
www.jtf-spacedefense.mil,Joint,Joint Task Force-Space Defense,Executive
www.jwac.mil,Joint,Joint Warfare Analysis Center,Executive
www.norad.mil,Joint,North American Aerospace Defense Command (NORAD),Executive
plainsguardian.dodlive.mil,Joint,Plains Guardian,Executive
www.centcom.mil,Joint,U.S. Central Command,Executive
www.cybercom.mil,Joint,U.S. Cyber Command,Executive
www.northcom.mil,Joint,U.S. Northern Command,Executive
www.pacom.mil,Joint,U.S. Pacific Command,Executive
www.southcom.mil,Joint,U.S. Southern Command,Executive
www.spacecom.mil,Joint,U.S. Space Command,Executive
www.stratcom.mil,Joint,U.S. Strategic Command,Executive
www.unc.mil,Joint,United Forces Command,Executive
www.101arw.ang.af.mil,Air Force,101st Air Refueling Wing*,Executive
www.102iw.ang.af.mil,Air Force,102nd Intelligence Wing,Executive
www.103aw.ang.af.mil,Air Force,103rd Airlift Wing,Executive
www.104fw.ang.af.mil,Air Force,104th Fighter Wing,Executive
www.105aw.ang.af.mil,Air Force,105th Airlift Wing,Executive
www.106rqw.ang.af.mil,Air Force,106th Rescue Wing,Executive
www.107attackwing.ang.af.mil,Air Force,107th Attack Wing,Executive
www.108thwing.ang.af.mil,Air Force,108th Wing,Executive
www.109aw.ang.af.mil,Air Force,109th Airlift Wing,Executive
www.10af.afrc.af.mil,Air Force,10th Air Force,Executive
www.110atkw.ang.af.mil,Air Force,110th Wing,Executive
www.111attackwing.ang.af.mil,Air Force,111th Attack Wing,Executive
www.113wg.ang.af.mil,Air Force,113th Wing,Executive
www.114fw.ang.af.mil,Air Force,114th Fighter Wing,Executive
www.115fw.ang.af.mil,Air Force,115th Fighter Wing,Executive
www.116acw.ang.af.mil,Air Force,116th Air Control Wing,Executive
www.117arw.ang.af.mil,Air Force,117th Air Refueling Wing,Executive
www.118wg.ang.af.mil,Air Force,118th Wing,Executive
www.119wg.ang.af.mil,Air Force,119th Wing,Executive
www.120thairliftwing.ang.af.mil,Air Force,120th Airlift Wing,Executive
www.121arw.ang.af.mil,Air Force,121st Air Refueling Wing,Executive
www.122fw.ang.af.mil,Air Force,122nd Fighter Wing,Executive
www.123aw.ang.af.mil,Air Force,123rd Airlift Wing,Executive
www.124thfighterwing.ang.af.mil,Air Force,124th Fighter Wing,Executive
www.125fw.ang.af.mil,Air Force,125th Fighter Wing (was Florida),Executive
www.126arw.ang.af.mil,Air Force,126th Air Refueling Wing,Executive
www.127wg.ang.af.mil,Air Force,127th Wing,Executive
www.128arw.ang.af.mil,Air Force,128th Air Refueling Wing,Executive
www.129rqw.ang.af.mil,Air Force,129th Rescue Wing,Executive
www.12af.acc.af.mil,Air Force,12th Air Force,Executive
www.12ftw.af.mil,Air Force,12th Flying Training Wing,Executive
www.130aw.ang.af.mil,Air Force,130th Airlift Wing,Executive
www.131bw.ang.af.mil,Air Force,131st Bomb Wing,Executive
www.132dwing.ang.af.mil,Air Force,132nd Wing,Executive
www.133aw.ang.af.mil,Air Force,133rd Airlift Wing,Executive
www.134arw.ang.af.mil,Air Force,134th Air Refueling Wing,Executive
www.136aw.ang.af.mil,Air Force,136th Airlift Wing,Executive
www.137sow.ang.af.mil,Air Force,137th Special Operations Wing,Executive
www.138fw.ang.af.mil,Air Force,138th Fighter Wing,Executive
www.139aw.ang.af.mil,Air Force,139th Airlift Wing,Executive
www.140wg.ang.af.mil,Air Force,140th Wing,Executive
www.141arw.ang.af.mil,Air Force,141st Air Refueling Wing,Executive
www.142fw.ang.af.mil,Air Force,142nd Fighter Wing,Executive
www.143aw.ang.af.mil,Air Force,143rd Airlift Wing,Executive
www.144fw.ang.af.mil,Air Force,144th Fighter Wing,Executive
www.145aw.ang.af.mil,Air Force,145th Airlift Wing,Executive
www.146aw.ang.af.mil,Air Force,146th Airlift Wing,Executive
www.147atkw.ang.af.mil,Air Force,147th Reconnaissance Wing,Executive
www.148fw.ang.af.mil,Air Force,148th Fighter Wing,Executive
www.149fw.ang.af.mil,Air Force,149th Fighter Wing,Executive
www.150sow.ang.af.mil,Air Force,150th Special Operations Wing,Executive
www.151arw.ang.af.mil,Air Force,151st Air Refueling Wing,Executive
www.152aw.ang.af.mil,Air Force,152nd Airlift Wing,Executive
www.153aw.ang.af.mil,Air Force,153rd Airlift Wing,Executive
www.154wg.ang.af.mil,Air Force,154th Wing,Executive
www.155arw.ang.af.mil,Air Force,155th Air Refueling Wing,Executive
www.156wg.ang.af.mil,Air Force,156th Wing,Executive
www.157arw.ang.af.mil,Air Force,157th Air Refueling Wing,Executive
www.158fw.ang.af.mil,Air Force,158th Fighter Wing,Executive
www.159fw.ang.af.mil,Air Force,159th Fighter Wing,Executive
www.15af.acc.af.mil,Air Force,15th Air Force,Executive
www.15wing.af.mil,Air Force,15th Wing,Executive
www.161arw.ang.af.mil,Air Force,161st Air Refueling Wing,Executive
www.162wing.ang.af.mil,Air Force,162nd Wing,Executive
www.163atkw.ang.af.mil,Air Force,163rd Attack Wing,Executive
www.164aw.ang.af.mil,Air Force,164th Airlift Wing,Executive
www.165aw.ang.af.mil,Air Force,165th Airlift Wing,Executive
www.166aw.ang.af.mil,Air Force,166th Airlift Wing,Executive
www.167aw.ang.af.mil,Air Force,167th Airlift Wing,Executive
www.168wg.ang.af.mil,Air Force,168th Air Refueling Wing,Executive
www.169fw.ang.af.mil,Air Force,169th Fighter Wing,Executive
www.16af.af.mil,Air Force,16th Air Force,Executive
www.171arw.ang.af.mil,Air Force,171st Air Refueling Wing,Executive
www.172aw.ang.af.mil,Air Force,172nd Airlift Wing,Executive
www.173fw.ang.af.mil,Air Force,173rd Fighter Wing,Executive
www.174attackwing.ang.af.mil,Air Force,174th Attack Wing,Executive
www.175wg.ang.af.mil,Air Force,175th Wing,Executive
www.176wg.ang.af.mil,Air Force,176th Wing,Executive
www.177fw.ang.af.mil,Air Force,177th Fighter Wing,Executive
www.178wing.ang.af.mil,Air Force,178th Wing,Executive
www.179aw.ang.af.mil,Air Force,179th Airlift Wing,Executive
www.180fw.ang.af.mil,Air Force,180th Fighter Wing,Executive
www.181iw.ang.af.mil,Air Force,181st Intelligence Wing,Executive
www.182aw.ang.af.mil,Air Force,182nd Airlift Wing,Executive
www.183wg.ang.af.mil,Air Force,183rd Fighter Wing,Executive
www.184iw.ang.af.mil,Air Force,184th Intelligence Wing,Executive
www.185arw.ang.af.mil,Air Force,185th Air Refueling Wing,Executive
www.186arw.ang.af.mil,Air Force,186th Air Refueling Wing,Executive
www.187fw.ang.af.mil,Air Force,187th Fighter Wing,Executive
www.188wg.ang.af.mil,Air Force,188th Wing,Executive
www.189aw.ang.af.mil,Air Force,189th Airlift Wing,Executive
www.18af.amc.af.mil,Air Force,18th Air Force,Executive
www.190arw.ang.af.mil,Air Force,190th Air Refueling Wing,Executive
www.192wg.ang.af.mil,Air Force,192nd Fighter Wing,Executive
www.193sow.ang.af.mil,Air Force,193rd Special Operations Wing,Executive
www.194wg.ang.af.mil,Air Force,194th Wing,Executive
www.195wg.ang.af.mil,Air Force,195th Wing,Executive
www.1af.acc.af.mil,Air Force,1st Air Force (AFNORTH),Executive
www.20af.af.mil,Air Force,20th Air Force,Executive
www.22af.afrc.af.mil,Air Force,22nd Air Force,Executive
www.airforcespecialtactics.af.mil,Air Force,24th Special Operations Wing (Air Force Special Tactics),Executive
www.25af.af.mil,Air Force,25th Air Force,Executive
www.2af.aetc.af.mil,Air Force,2nd Air Force,Executive
www.301fw.afrc.af.mil,Air Force,301st Fighter Wing,Executive
www.302aw.afrc.af.mil,Air Force,302nd Airlift Wing,Executive
www.307bw.afrc.af.mil,Air Force,307th Bomb Wing,Executive
www.310sw.afrc.af.mil,Air Force,310th Space Wing,Executive
www.315aw.afrc.af.mil,Air Force,315th Airlift Wing,Executive
www.33fw.af.mil,Air Force,33rd Fighter Wing,Executive
www.340ftg.afrc.af.mil,Air Force,340th Flying Training Group,Executive
www.349amw.afrc.af.mil,Air Force,349th Air Mobility Wing,Executive
www.352sow.af.mil,Air Force,352nd Special Operations Wing,Executive
www.353sog.af.mil,Air Force,353rd Special Operations Group,Executive
www.37trw.af.mil,Air Force,37th Training Wing,Executive
www.388fw.acc.af.mil,Air Force,388th Fighter Wing,Executive
www.403wg.afrc.af.mil,Air Force,403rd Wing,Executive
www.413ftg.afrc.af.mil,Air Force,413th Flight Training Group,Executive
www.419fw.afrc.af.mil,Air Force,419th Fighter Wing,Executive
www.433aw.afrc.af.mil,Air Force,433rd Airlift Wing,Executive
www.442fw.afrc.af.mil,Air Force,442nd Fighter Wing,Executive
www.445aw.afrc.af.mil,Air Force,445th Airlift Wing,Executive
www.446aw.afrc.af.mil,Air Force,446th Airlift Wing,Executive
www.459arw.afrc.af.mil,Air Force,459th Air Refueling Wing,Executive
www.477fg.afrc.af.mil,Air Force,477th Fighter Group,Executive
www.492sow.af.mil,Air Force,492nd Special Operations Wing,Executive
www.4af.afrc.af.mil,Air Force,4th Air Force,Executive
www.501csw.usafe.af.mil,Air Force,501st Combat Support Wing,Executive
www.505ccw.acc.af.mil,Air Force,505th Command and Control Wing,Executive
www.507arw.afrc.af.mil,Air Force,507th Air Refueling Wing,Executive
www.512aw.afrc.af.mil,Air Force,512th Airlift Wing,Executive
www.514amw.afrc.af.mil,Air Force,514th Air Mobility Wing,Executive
www.521amow.af.mil,Air Force,521st Air Mobility Operations Wing,Executive
www.53rdwing.af.mil,Air Force,53rd Wing,Executive
www.552acw.acc.af.mil,Air Force,552nd Air Control Wing,Executive
www.557weatherwing.af.mil,Air Force,557th Weather Wing,Executive
www.59mdw.af.mil,Air Force,59th Medical Wing,Executive
www.5af.pacaf.af.mil,Air Force,5th Air Force,Executive
www.618tacc.amc.af.mil,Air Force,618th Tanker Airlift Control Center,Executive
www.624rsg.afrc.af.mil,Air Force,624th Regional Support Group,Executive
www.jba.af.mil,Air Force,79th Medical Wing,Executive
www.7af.pacaf.af.mil,Air Force,7th Air Force,Executive
www.8af.af.mil,Air Force,8th Air Force,Executive
www.908aw.afrc.af.mil,Air Force,908th Airlift Wing,Executive
www.913ag.afrc.af.mil,Air Force,913th Airlift Group,Executive
www.916arw.afrc.af.mil,Air Force,916th Air Refueling Wing,Executive
www.919sow.afrc.af.mil,Air Force,919th Special Operations Wing,Executive
www.920rqw.afrc.af.mil,Air Force,920th Rescue Wing,Executive
www.926wing.afrc.af.mil,Air Force,926th Wing,Executive
www.927arw.afrc.af.mil,Air Force,927th Air Refueling Wing,Executive
www.931arw.afrc.af.mil,Air Force,931st Air Refueling Wing,Executive
www.932aw.afrc.af.mil,Air Force,932nd Airlift Wing,Executive
www.940arw.afrc.af.mil,Air Force,940th Air Refueling Wing,Executive
www.943rqg.afrc.af.mil,Air Force,943rd Rescue Group,Executive
www.944fw.afrc.af.mil,Air Force,944th Fighter Wing,Executive
www.960cyber.afrc.af.mil,Air Force,960th Cyberspace Operations Group,Executive
www.studyguides.af.mil,Air Force,AFH1 and Enlisted Promotion Study Guides,Executive
www.afwerx.af.mil,Air Force,AFWERX,Executive
www.acc.af.mil,Air Force,Air Combat Command,Executive
www.aetc.af.mil,Air Force,Air Education and Training Command,Executive
ww3.safaq.hq.af.mil,Air Force,Air Force Acquisition,Executive
www.afams.af.mil,Air Force,Air Force Agency for Modeling and Simulation,Executive
www.adr.af.mil,Air Force,Air Force Alternative Dispute Resolution Program,Executive
www.afaa.af.mil,Air Force,Air Force Audit Agency,Executive
www.music.af.mil,Air Force,Air Force Bands (all),Executive
www.basictraining.af.mil,Air Force,Air Force Basic Military Training,Executive
www.airforcebes.af.mil,Air Force,Air Force Business Enterprise Systems,Executive
www.cemm.af.mil,Air Force,Air Force Center of Excellence for Medical Multimedia,Executive
www.modsim.af.mil,Air Force,Air Force Chief Modeling and Simulation Office,Executive
www.afcec.af.mil,Air Force,Air Force Civil Engineer Center,Executive
www.secretsdeclassified.af.mil,Air Force,Air Force Declassification,Executive
www.afdw.af.mil,Air Force,Air Force District of Washington,Executive
www.airforcehollywood.af.mil,Air Force,Air Force Entertainment Liaison Office,Executive
www.e-publishing.af.mil,Air Force,Air Force e-Publishing,Executive
www.saffm.hq.af.mil,Air Force,Air Force Financial Management & Comptroller,Executive
www.foia.af.mil,Air Force,Air Force Freedom of Information Act,Executive
www.safgc.hq.af.mil,Air Force,Air Force General Counsel,Executive
www.afgsc.af.mil,Air Force,Air Force Global Strike Command,Executive
www.afhra.af.mil,Air Force,Air Force Historical Research Agency,Executive
www.afhistory.af.mil,Air Force,Air Force Historical Studies Office,Executive
www.afhistoryandmuseums.af.mil,Air Force,Air Force History and Museums,Executive
www.housing.af.mil,Air Force,Air Force Housing,Executive
www.afimsc.af.mil,Air Force,Air Force Installation and Mission Support Center,Executive
www.safia.hq.af.mil,Air Force,Air Force International Affairs,Executive
www.learningprofessionals.af.mil,Air Force,Air Force Learning Professionals,Executive
www.aflcmc.af.mil,Air Force,Air Force Life Cycle Management Center,Executive
www.afmaa.af.mil,Air Force,Air Force Manpower Analysis Agency,Executive
www.afmc.af.mil,Air Force,Air Force Materiel Command,Executive
www.airforcemedicine.af.mil,Air Force,Air Force Medical Service,Executive
www.mortuary.af.mil,Air Force,Air Force Mortuary Affairs,Executive
www.netcents.af.mil,Air Force,Air Force Network Centric Solutions (NetCents),Executive
www.cyberspacecapabilitiescenter.af.mil,Air Force,Air Force Network Integration Center,Executive
www.afnwc.af.mil,Air Force,Air Force Nuclear Weapons Center,Executive
www.osi.af.mil,Air Force,Air Force Office of Special Investigations,Executive
www.data.af.mil,Air Force,Air Force OPEN Data Program,Executive
www.afotec.af.mil,Air Force,Air Force Operational Test and Evaluation Center,Executive
www.afoutreach.af.mil,Air Force,Air Force Outreach,Executive
www.afpc.af.mil,Air Force,Air Force Personnel Center,Executive
www.privacy.af.mil,Air Force,Air Force Privacy Act,Executive
www.publicaffairs.af.mil,Air Force,Air Force Public Affairs (Agency),Executive
www.recruiting.af.mil,Air Force,Air Force Recruiting Service,Executive
www.afrl.af.mil,Air Force,Air Force Research Laboratory,Executive
www.afrc.af.mil,Air Force,Air Force Reserve Command,Executive
www.resilience.af.mil,Air Force,Air Force Resilience,Executive
www.retirees.af.mil,Air Force,Air Force Retiree Services,Executive
www.safety.af.mil,Air Force,Air Force Safety Center,Executive
www.scientificadvisoryboard.af.mil,Air Force,Air Force Scientific Advisory Board,Executive
www.afsfc.af.mil,Air Force,Air Force Security Forces Center,Executive
www.afsbirsttr.af.mil,Air Force,Air Force Small Business Innovation Research and,Executive
www.airforcesmallbiz.af.mil,Air Force,Air Force Small Business Programs,Executive
www.afspc.af.mil,Air Force,Air Force Space Command,Executive
www.afsoc.af.mil,Air Force,Air Force Special Operations Command,Executive
www.afsig.af.mil,Air Force,Air Force Strategic Integration Group,Executive
www.afsc.af.mil,Air Force,Air Force Sustainment Center,Executive
www.aft3.af.mil,Air Force,Air Force Technology Transfer and Transition Program,Executive
www.aftc.af.mil,Air Force,Air Force Test Center,Executive
www.trademark.af.mil,Air Force,Air Force Trademark and Licensing Program,Executive
www.afwic.af.mil,Air Force,Air Force Warfighting Integration Capability,Executive
www.woundedwarrior.af.mil,Air Force,Air Force Wounded Warrior,Executive
www.amc.af.mil,Air Force,Air Mobility Command,Executive
www.ang.af.mil,Air Force,Air National Guard,Executive
www.angtec.ang.af.mil,Air Force,Air National Guard Training and Education Center,Executive
www.arpc.afrc.af.mil,Air Force,Air Reserve Personnel Center,Executive
www.airuniversity.af.mil,Air Force,Air University,Executive
www.airmanmagazine.af.mil,Air Force,Airman Magazine,Executive
www.alpenacrtc.ang.af.mil,Air Force,Alpena Combat Readiness Training Center,Executive
www.altus.af.mil,Air Force,Altus Air Force Base,Executive
www.andersen.af.mil,Air Force,Andersen Air Force Base,Executive
www.aatc.ang.af.mil,Air Force,ANG AFRC Command Test Center,Executive
www.arnold.af.mil,Air Force,Arnold Air Force Base,Executive
www.aviano.af.mil,Air Force,Aviano Air Base,Executive
www.barksdale.af.mil,Air Force,Barksdale Air Force Base,Executive
www.beready.af.mil,Air Force,Be Ready,Executive
www.beale.af.mil,Air Force,Beale Air Force Base,Executive
www.cannon.af.mil,Air Force,Cannon Air Force Base,Executive
www.cemm.af.mil,Air Force,Center for Excellence in Medical Multimedia (CEMM),Executive
www.citamn.afrc.af.mil,Air Force,Citizen Airman Magazine,Executive
www.columbus.af.mil,Air Force,Columbus Air Force Base,Executive
www.creech.af.mil,Air Force,Creech Air Force Base,Executive
www.aiaccelerator.af.mil,Air Force,DAF AI Accelerator,Executive
www.dm.af.mil,Air Force,Davis-Monthan Air Force Base,Executive
www.dimo.af.mil,Air Force,Defense Institute for Medical Operations,Executive
www.dobbins.afrc.af.mil,Air Force,Dobbins Air Reserve Base,Executive
www.dover.af.mil,Air Force,Dover Air Force Base,Executive
www.dyess.af.mil,Air Force,Dyess Air Force Base,Executive
www.eads.ang.af.mil,Air Force,Eastern Air Defense Sector,Executive
www.edwards.af.mil,Air Force,Edwards Air Force Base,Executive
www.eglin.af.mil,Air Force,Eglin Air Force Base,Executive
www.eielson.af.mil,Air Force,Eielson Air Force Base,Executive
www.ellsworth.af.mil,Air Force,Ellsworth Air Force Base,Executive
www.warren.af.mil,Air Force,F.E. Warren Air Force Base,Executive
www.fairchild.af.mil,Air Force,Fairchild Air Force Base,Executive
www.goodfellow.af.mil,Air Force,Goodfellow Air Force Base,Executive
www.gosere.af.mil,Air Force,GoSere,Executive
www.grandforks.af.mil,Air Force,Grand Forks Air Force Base,Executive
www.grissom.afrc.af.mil,Air Force,Grissom Air Reserve Base,Executive
www.hanscom.af.mil,Air Force,Hanscom Air Force Base,Executive
www.hqrio.afrc.af.mil,Air Force,Headquarters RIO,Executive
www.hill.af.mil,Air Force,Hill Air Force Base,Executive
www.holloman.af.mil,Air Force,Holloman Air Force Base,Executive
www.homestead.afrc.af.mil,Air Force,Homestead Air Reserve Base,Executive
www.hurlburt.af.mil,Air Force,Hurlburt Field,Executive
www.incirlik.af.mil,Air Force,Incirlik Air Base,Executive
www.safie.hq.af.mil,Air Force,"Installations, Environment & Logistics",Executive
www.jagreporter.af.mil,Air Force,JAG Reporter,Executive
www.jba.af.mil,Air Force,Joint Base Andrews,Executive
www.jbcharleston.jb.mil,Air Force,Joint Base Charleston,Executive
www.jber.af.mil,Air Force,Joint Base Elmendorf-Richardson,Executive
www.jble.af.mil,Air Force,Joint Base Langley-Eustis,Executive
www.jbmdl.jb.mil,Air Force,Joint Base McGuire-Dix-Lakehurst,Executive
www.jbsa.mil,Air Force,Joint Base San Antonio,Executive
www.kadena.af.mil,Air Force,Kadena Air Base,Executive
www.keesler.af.mil,Air Force,Keesler Air Force Base,Executive
www.kirtland.af.mil,Air Force,Kirtland Air Force Base,Executive
www.kunsan.af.mil,Air Force,Kunsan Air Base,Executive
www.laughlin.af.mil,Air Force,Laughlin Air Force Base,Executive
www.littlerock.af.mil,Air Force,Little Rock Air Force Base,Executive
www.luke.af.mil,Air Force,Luke Air Force Base,Executive
www.macdill.af.mil,Air Force,MacDill Air Force Base,Executive
www.malmstrom.af.mil,Air Force,Malmstrom Air Force Base,Executive
www.march.afrc.af.mil,Air Force,March Air Reserve Base,Executive
www.maxwell.af.mil,Air Force,Maxwell Air Force Base,Executive
www.mcconnell.af.mil,Air Force,McConnell Air Force Base,Executive
www.mars.af.mil,Air Force,Military Auxiliary Radio System,Executive
www.minneapolis.afrc.af.mil,Air Force,Minneapolis-St Paul Air Reserve Station,Executive
www.minot.af.mil,Air Force,Minot Air Force Base,Executive
www.misawa.af.mil,Air Force,Misawa Air Base,Executive
www.gulfportcrtc.ang.af.mil,Air Force,Mississippi Combat Readiness Center,Executive
www.moody.af.mil,Air Force,Moody Air Force Base,Executive
www.mountainhome.af.mil,Air Force,Mountain Home Air Force Base,Executive
www.nasic.af.mil,Air Force,National Air and Space Intelligence Center,Executive
AirDomainIntelligence.gov,Air Force,National Aviation Intelligence Integration Office - NAI2O,Executive
www.airdomainintelligence.mil,Air Force,National Aviation Intelligence Integration Office (NAI20),Executive
www.nationalmuseum.af.mil,Air Force,National Museum of the United States Air Force,Executive
www.nellis.af.mil,Air Force,Nellis Air Force Base,Executive
www.njang.ang.af.mil,Air Force,New Jersey Air National Guard,Executive
www.niagara.afrc.af.mil,Air Force,Niagara Falls Air Reserve Station,Executive
www.offutt.af.mil,Air Force,Offutt Air Force Base,Executive
www.osan.af.mil,Air Force,Osan Air Base,Executive
www.pacaf.af.mil,Air Force,Pacific Air Forces,Executive
www.pittsburgh.afrc.af.mil,Air Force,Pittsburgh IAP Air Reserve Station,Executive
www.pope.af.mil,Air Force,Pope Field,Executive
www.airman.af.mil,Air Force,Profession of Arms Center of Expertise,Executive
www.ramstein.af.mil,Air Force,Ramstein Air Base,Executive
www.robins.af.mil,Air Force,Robins Air Force Base,Executive
www.lakenheath.af.mil,Air Force,Royal Air Force Lakenheath,Executive
www.mildenhall.af.mil,Air Force,Royal Air Force Mildenhall,Executive
www.safcn.af.mil,Air Force,SAF/CIO A6 Information Dominance and CIO,Executive
www.scott.af.mil,Air Force,Scott Air Force Base,Executive
www.afinspectorgeneral.af.mil,Air Force,Secretary of the Air Force Inspector General (SAF/IG),Executive
www.seymourjohnson.af.mil,Air Force,Seymour Johnson Air Force Base,Executive
www.shaw.af.mil,Air Force,Shaw Air Force Base,Executive
www.sheppard.af.mil,Air Force,Sheppard Air Force Base,Executive
www.safsq.hq.af.mil,Air Force,Space Acquisition and Integration,Executive
www.spangdahlem.af.mil,Air Force,Spangdahlem Air Base,Executive
www.specialwarfaretw.af.mil,Air Force,Special Warfare Training Wing,Executive
www.mcchord.af.mil,Air Force,Team McChord,Executive
www.tesseract.af.mil,Air Force,Tesseract AF (HAF/A4L),Executive
www.afjag.af.mil,Air Force,The Judge Advocate General's Corps,Executive
www.af.mil,Air Force,The Official Website for the U.S. Air Force,Executive
www.tinker.af.mil,Air Force,Tinker Air Force Base,Executive
www.torch.aetc.af.mil,Air Force,Torch Magazine,Executive
www.travis.af.mil,Air Force,Travis Air Force Base,Executive
www.tyndall.af.mil,Air Force,Tyndall Air Force Base,Executive
www.bmtflightphotos.af.mil,Air Force,U.S. Air Force Basic Military Training Flight Photos,Executive
www.doctrine.af.mil,Air Force,U.S. Air Force Doctrine,Executive
www.expeditionarycenter.af.mil,Air Force,U.S. Air Force Expeditionary Center,Executive
www.afcent.af.mil,Air Force,U.S. Air Forces Central Command,Executive
www.usafe.af.mil,Air Force,U.S. Air Forces in Europe,Executive
www.spaceforce.mil,Air Force,U.S. Space Force,Executive
www.usafa.af.mil,Air Force,United States Air Force Academy,Executive
www.honorguard.af.mil,Air Force,United States Air Force Honor Guard,Executive
www.vance.af.mil,Air Force,Vance Air Force Base,Executive
www.veterans-in-blue.af.mil,Air Force,Veterans In Blue,Executive
www.volkfield.ang.af.mil,Air Force,Volk Field,Executive
www.wavelength.af.mil,Air Force,"Wavelength Detachment 1, 850th Spectrum Warfare Group",Executive
www.wads.ang.af.mil,Air Force,Western Air Force Defense Sector,Executive
www.westover.afrc.af.mil,Air Force,Westover Air Reserve Base,Executive
www.whiteman.af.mil,Air Force,Whiteman Air Force Base,Executive
www.wpafb.af.mil,Air Force,Wright-Patterson Air Force Base,Executive
www.yokota.af.mil,Air Force,Yokota Air Base,Executive
www.youngstown.afrc.af.mil,Air Force,Youngstown Air Reserve Station,Executive
11thairbornedivision.army.mil,Army,11th Airborne Division,Executive
www.1tsc.army.mil,Army,1st Theater Sustainment Command,Executive
www.20cbrne.army.mil,Army,20th CBRNE,Executive
www.2id.korea.army.mil,Army,2nd Infantry Division (2ID) - Korea,Executive
www.41fab.army.mil,Army,41st Field Artillery Brigade,Executive
www.55comcam.army.mil,Army,55th Combat Camera,Executive
innovation.army.mil,Army,75th Innovations Command,Executive
medlinet.amedd.army.mil,Army,AMEDD Virtual Library,Executive
www.awg.army.mil,Army,Army Asymmetric Warfare Group,Executive
www.arcyber.army.mil,Army,Army Cyber Command,Executive
cyber.army.mil,Army,Army Cyber Institute,Executive
www.europeafrica.army.mil,Army,Army Europe,Executive
www.10thaamdc.army.mil,Army,Army Europe 10th Air & Missile Defense,Executive
www.12cab.army.mil,Army,Army Europe 12th Combat Aviation Brigade,Executive
www.skysoldiers.army.mil,Army,Army Europe 173rd Infantry Brigade Combat Team,Executive
www.19bcd.army.mil,Army,Army Europe 19th Battlefield Coordination Detachment,Executive
www.21tsc.army.mil,Army,Army Europe 21st Theater Sustainment Command,Executive
www.2cr.army.mil,Army,Army Europe 2nd Cavalry Regiment,Executive
www.2sigbde.army.mil,Army,Army Europe 2nd Theater Signal Brigade,Executive
www.afsbeurope.army.mil,Army,Army Europe 405th Army Field Support Brigade,Executive
www.409csb.army.mil,Army,Army Europe 409th Contracting Support Brigade,Executive
www.41fab.army.mil,Army,Army Europe 41st Field Artillery Brigade,Executive
www.7atc.army.mil,Army,Army Europe 7th Army Training Comand,Executive
www.band.eur.army.mil,Army,Army Europe Band & Chorus,Executive
www.asafm.army.mil,Army,Army Financial Management and Comptroller,Executive
www.afod.eur.army.mil,Army,Army Flight Operations Detachment,Executive
ig.army.mil,Army,Army IG,Executive
www.aepubs.eur.army.mil,Army,Army in Europe Library and Publishing,Executive
www.amc.army.mil,Army,Army Material Command,Executive
www.amlc.army.mil,Army,Army Medical Logistics Command,Executive
mrdg.health.mil,Army,Army Medical Research Directorate-Georgia,Executive
www.nrmc.amedd.army.mil,Army,Army North Atlantic Regional Medical Command,Executive
www.usarpac.army.mil,Army,Army Pacific,Executive
www.arcp.army.mil,Army,Army Recovery Care Program,Executive
recruiting.army.mil,Army,Army Recruiting Command,Executive
asb.army.mil,Army,Army Science Board,Executive
www.aschq.army.mil,Army,Army Sustainment Command,Executive
www.armyupress.army.mil,Army,Army University Press,Executive
usapc.army.mil,Army,ASC - U.S. Army Petroleum Center (USAPC),Executive
www.pscc.army.mil,Army,ASC Packaging Storage and Containerization Center,Executive
bahc.nrmc.amedd.army.mil,Army,Barquist Army Health Clinic,Executive
www.ccad.army.mil,Army,Corpus Christi Army Depot,Executive
cyberdefensereview.army.mil,Army,Cyber Defense Review,Executive
daaf-wx.army.mil,Army,Davison Army Airfield (DAAF),Executive
www.first.army.mil,Army,First Army,Executive
www.swcs.mil,Army,John F. Kennedy Special Warfare Center and School,Executive
www.jblmdesignstandards.army.mil,Army,Joint Base Lewis McChord Design Standards,Executive
jpeoaa.army.mil,Army,Joint Program Executive Office for Armaments & Ammunition (JPEO AA),Executive
www.jpeocbrnd.osd.mil,Army,"Joint Program Executive Office for Chemical, Biological, Radiological and Nuclear Defense (JPEO)",Executive
kirk.tricare.mil,Army,Kirk U.S. Army Medical Health Clinic,Executive
www.letterkenny.army.mil,Army,Letterkenny Army Depot,Executive
www.ncolcoe.army.mil,Army,NCO Leadership Center of Excellence,Executive
www.ncoworldwide.army.mil,Army,NCO World Campus,Executive
www.dasadec.army.mil,Army,Office of the Deputy Assistant Secretary of the Army for Defense Exports and Cooperation,Executive
www.peosoldier.army.mil,Army,Program Executive Office Soldier,Executive
www.psmagazine.army.mil,Army,PS Magazine,Executive
phcp.health.mil,Army,Public Health Command - Pacific,Executive
mrc-europe.army.mil,Army,Regional Health Command Europe,Executive
www.rma.army.mil,Army,Rocky Mountain Arsenal,Executive
www.goarmysof.army.mil,Army,Special Operations Recruiting Battalion SORB(A),Executive
smtc.dodlive.mil,Army,Strength Maintenance Training Center,Executive
www.tobyhanna.army.mil,Army,Tobyhanna Army Depot,Executive
www.amcom.army.mil,Army,U.S. Army Aviation and Missile Command,Executive
www.usarcent.army.mil,Army,U.S. Army Central,Executive
www.avmc.army.mil,Army,U.S. Army Combat Capabilities Development: Aviation and Missile Center,Executive
www.usafmcom.army.mil,Army,U.S. Army Financial Management Command,Executive
www.usarj.army.mil,Army,U.S. Army Japan,Executive
afrims.health.mil,Army,U.S. ARMY MEDICAL DIRECTORATE - ARMED FORCES RESEARCH INSTITUTE of MEDICAL SCIENCES (USAMD-AFRIMS),Executive
www.usanato.army.mil,Army,U.S. Army Nato,Executive
www.arnorth.army.mil,Army,U.S. Army North,Executive
www.obtportal.army.mil,Army,U.S. Army Office of Business Transformation,Executive
usapc.army.mil,Army,U.S. Army Petroleum,Executive
www.usar.army.mil,Army,U.S. Army Reserve,Executive
www.armyreservewarriorcitizen.mil,Army,U.S. Army Reserve Strategic Communication/Warrior Citizen),Executive
www.arsouth.army.mil,Army,U.S. Army South,Executive
www.smdc.army.mil,Army,U.S. Army Space and Missile Defense Command,Executive
www.psmagazine.army.mil,Army,U.S. Army Sustainment Command/PS Magazine,Executive
www.mepcom.army.mil,Army,U.S. Military Entrance Processing Command,Executive
www.wrair.army.mil,Army,Walter Reed Army Institute of Research (WRAIR),Executive
www.poa.usace.army.mil,Army Corps of Engineers,Alaska District,Executive
www.spa.usace.army.mil,Army Corps of Engineers,Albuquerque District,Executive
www.agc.army.mil,Army Corps of Engineers,Army Geospatial Center,Executive
www.nab.usace.army.mil,Army Corps of Engineers,Baltimore District,Executive
www.lrb.usace.army.mil,Army Corps of Engineers,Buffalo District,Executive
www.sac.usace.army.mil,Army Corps of Engineers,Charleston District,Executive
www.lrc.usace.army.mil,Army Corps of Engineers,Chicago District,Executive
www.lre.usace.army.mil,Army Corps of Engineers,Detroit District,Executive
www.erdc.usace.army.mil,Army Corps of Engineers,ERDC,Executive
www.nau.usace.army.mil,Army Corps of Engineers,Europe District,Executive
www.pof.usace.army.mil,Army Corps of Engineers,Far East District,Executive
www.swf.usace.army.mil,Army Corps of Engineers,Fort Worth District,Executive
www.swg.usace.army.mil,Army Corps of Engineers,Galveston District,Executive
www.lrd.usace.army.mil,Army Corps of Engineers,Great Lakes/Ohio River Division,Executive
www.usace.army.mil,Army Corps of Engineers,Headquarters,Executive
www.poh.usace.army.mil,Army Corps of Engineers,Honolulu District,Executive
www.lrh.usace.army.mil,Army Corps of Engineers,Huntington District,Executive
www.iwr.usace.army.mil,Army Corps of Engineers,Institute for Water Resources,Executive
www.rmc.usace.army.mil,Army Corps of Engineers,"Institute for Water Resources, Risk Management Center",Executive
www.saj.usace.army.mil,Army Corps of Engineers,Jacksonville District,Executive
www.poj.usace.army.mil,Army Corps of Engineers,Japan Engineer District,Executive
www.nwk.usace.army.mil,Army Corps of Engineers,Kansas City District,Executive
www.swl.usace.army.mil,Army Corps of Engineers,Little Rock District,Executive
www.spl.usace.army.mil,Army Corps of Engineers,Los Angeles District,Executive
www.lrl.usace.army.mil,Army Corps of Engineers,Louisville District,Executive
www.mvm.usace.army.mil,Army Corps of Engineers,Memphis District,Executive
www.tam.usace.army.mil,Army Corps of Engineers,Middle East District,Executive
www.mvd.usace.army.mil,Army Corps of Engineers,Mississippi Valley Division,Executive
www.sam.usace.army.mil,Army Corps of Engineers,Mobile District,Executive
www.lrn.usace.army.mil,Army Corps of Engineers,Nashville District,Executive
www.nae.usace.army.mil,Army Corps of Engineers,New England District,Executive
www.mvn.usace.army.mil,Army Corps of Engineers,New Orleans District,Executive
www.nan.usace.army.mil,Army Corps of Engineers,New York District,Executive
www.nao.usace.army.mil,Army Corps of Engineers,Norfolk District,Executive
www.nad.usace.army.mil,Army Corps of Engineers,North Atlantic Division,Executive
www.nwd.usace.army.mil,Army Corps of Engineers,Northwestern Division,Executive
www.nwo.usace.army.mil,Army Corps of Engineers,Omaha District,Executive
www.pod.usace.army.mil,Army Corps of Engineers,Pacific Ocean Division,Executive
www.nap.usace.army.mil,Army Corps of Engineers,Philadelphia District,Executive
www.lrp.usace.army.mil,Army Corps of Engineers,Pittsburgh District,Executive
www.nwp.usace.army.mil,Army Corps of Engineers,Portland District,Executive
www.mvr.usace.army.mil,Army Corps of Engineers,Rock Island District,Executive
www.spk.usace.army.mil,Army Corps of Engineers,Sacramento District,Executive
www.spn.usace.army.mil,Army Corps of Engineers,San Francisco District,Executive
www.sas.usace.army.mil,Army Corps of Engineers,Savannah District,Executive
www.nws.usace.army.mil,Army Corps of Engineers,Seattle District,Executive
www.sad.usace.army.mil,Army Corps of Engineers,South Atlantic Division,Executive
www.spd.usace.army.mil,Army Corps of Engineers,South Pacific Division,Executive
www.swd.usace.army.mil,Army Corps of Engineers,Southwestern Division,Executive
www.mvs.usace.army.mil,Army Corps of Engineers,St. Louis District,Executive
www.mvp.usace.army.mil,Army Corps of Engineers,St. Paul District,Executive
www.tad.usace.army.mil,Army Corps of Engineers,Transatlantic Division,Executive
www.swt.usace.army.mil,Army Corps of Engineers,Tulsa District,Executive
www.hnc.usace.army.mil,Army Corps of Engineers,"U.S. Army Engineering and Support Center, Huntsville",Executive
www.publications.usace.army.mil,Army Corps of Engineers,USACE Publications,Executive
www.mvk.usace.army.mil,Army Corps of Engineers,Vicksburg District,Executive
www.nww.usace.army.mil,Army Corps of Engineers,Walla Walla District,Executive
www.saw.usace.army.mil,Army Corps of Engineers,Wilmington District,Executive
www.10thmarines.marines.mil,Marine Corps,10th Marine Regiment,Executive
www.11thmeu.marines.mil,Marine Corps,11th Marine Expeditionary Unit,Executive
www.12thmcd.marines.mil,Marine Corps,12th Marine Corps District,Executive
www.13thmeu.marines.mil,Marine Corps,13th Marine Expeditionary Unit,Executive
www.15thmeu.marines.mil,Marine Corps,15th Marine Expeditionary Unit,Executive
www.1stmaw.marines.mil,Marine Corps,1st Marine Aircraft Wing,Executive
www.1stmcd.marines.mil,Marine Corps,1st Marine Corps District,Executive
www.1stmardiv.marines.mil,Marine Corps,1st Marine Division,Executive
www.1stmlg.marines.mil,Marine Corps,1st Marine Logistics Group,Executive
www.22ndmeu.marines.mil,Marine Corps,22nd Marine Expeditionary Unit,Executive
www.26thmeu.marines.mil,Marine Corps,26th Marine Expeditionary Unit,Executive
www.2ndmaw.marines.mil,Marine Corps,2nd Marine Aircraft Wing,Executive
www.2ndmardiv.marines.mil,Marine Corps,2nd Marine Division,Executive
www.2ndmeb.marines.mil,Marine Corps,2nd Marine Expeditionary Brigade,Executive
www.2ndmlg.marines.mil,Marine Corps,2nd Marine Logistics Group,Executive
www.2ndmarines.marines.mil,Marine Corps,2nd Marine Regiment,Executive
www.31stmeu.marines.mil,Marine Corps,31st Marine Expeditionary Unit,Executive
www.3rdmaw.marines.mil,Marine Corps,3rd Marine Aircraft Wing,Executive
www.3rdmardiv.marines.mil,Marine Corps,3rd Marine Division,Executive
www.3rdmeb.marines.mil,Marine Corps,3rd Marine Expeditionary Brigade,Executive
www.3rdmlg.marines.mil,Marine Corps,3rd Marine Logistics Group,Executive
www.4thmcd.marines.mil,Marine Corps,4th Marine Corps District,Executive
www.tf515.marines.mil,Marine Corps,"5th Marine Expeditionary Brigade (Command Element, Marine Forces Central Command (Forward) )'",Executive
www.6thmcd.marines.mil,Marine Corps,6th Marine Corps District,Executive
www.6thmarines.marines.mil,Marine Corps,6th Marine Regiment,Executive
www.8thmcd.marines.mil,Marine Corps,8th Marine Corps District,Executive
www.8thmarines.marines.mil,Marine Corps,8th Marine Regiment,Executive
www.9thmcd.marines.mil,Marine Corps,9th Marine Corps District,Executive
www.ar.marines.mil,Marine Corps,Administration and Resource Management,Executive
www.acmc.marines.mil,Marine Corps,Assistant Commandant of the Marine Corps,Executive
www.cbirf.marines.mil,Marine Corps,Chemical Biological Incident Response Force,Executive
www.fuji.marines.mil,Marine Corps,Combined Arms Training Center Camp Fuji,Executive
www.cmc.marines.mil,Marine Corps,Commandant of the Marine Corps,Executive
www.cd.marines.mil,Marine Corps,Communication Directorate,Executive
www.marforres.marines.mil,Marine Corps,Community of Interest,Executive
www.hqmc.marines.mil,Marine Corps,Deployment Processing Command-East,Executive
www.cd.marines.mil,Marine Corps,Director of the Marine Corps Staff,Executive
www.hqmc.marines.mil,Marine Corps,Expeditionary Energy Office,Executive
www.trngcmd.marines.mil,Marine Corps,Field Medical Training Battalion-East,Executive
www.trngcmd.marines.mil,Marine Corps,Field Medical Training Battalion-West,Executive
www.hqmc.marines.mil,Marine Corps,Headquarters Marine Corps,Executive
www.hrom.marines.mil,Marine Corps,HUMAN RESOURCES AND ORGANIZATIONAL MANAGEMENT BRANCH (ARH),Executive
www.imef.marines.mil,Marine Corps,I Marine Expeditionary Force,Executive
www.iimef.marines.mil,Marine Corps,II Marine Expeditionary Force,Executive
www.iiimef.marines.mil,Marine Corps,III Marine Expeditionary Force,Executive
www.igmc.marines.mil,Marine Corps,Inspector General of the Marine Corps,Executive
www.iandl.marines.mil,Marine Corps,Installations and Logistics,Executive
www.hqmc.marines.mil,Marine Corps,Intelligence,Executive
www.lawenforcement.marines.mil,Marine Corps,Law Enforcement,Executive
www.macg28.marines.mil,Marine Corps,Marine Air Control Group 28,Executive
www.mag14.marines.mil,Marine Corps,Marine Aircraft Group 14,Executive
www.mag26.marines.mil,Marine Corps,Marine Aircraft Group 26,Executive
www.mag29.marines.mil,Marine Corps,Marine Aircraft Group 29,Executive
www.mag31.marines.mil,Marine Corps,Marine Aircraft Group 31,Executive
www.aviation.marines.mil,Marine Corps,Marine Aviation,Executive
www.barracks.marines.mil,Marine Corps,Marine Barracks,Executive
www.quantico.marines.mil,Marine Corps,Marine Corps Air Facility Quantico,Executive
www.29palms.marines.mil,Marine Corps,Marine Corps Air Ground Combat Center Twenty-nine Palms,Executive
www.beaufort.marines.mil,Marine Corps,Marine Corps Air Station Beaufort,Executive
www.mcaspendleton.marines.mil,Marine Corps,Marine Corps Air Station Camp Pendleton,Executive
www.cherrypoint.marines.mil,Marine Corps,Marine Corps Air Station Cherry Point,Executive
www.mcasfutenma.marines.mil,Marine Corps,Marine Corps Air Station Futenma,Executive
www.mcasiwakuni.marines.mil,Marine Corps,Marine Corps Air Station Iwakuni,Executive
www.mcasiwakunijp.marines.mil,Marine Corps,Marine Corps Air Station Iwakuni-Japanese,Executive
www.miramar.marines.mil,Marine Corps,Marine Corps Air Station Miramar,Executive
www.miramar-ems.marines.mil,Marine Corps,Marine Corps Air Station Miramar-EMS,Executive
www.newriver.marines.mil,Marine Corps,Marine Corps Air Station New River,Executive
www.mcasyuma.marines.mil,Marine Corps,Marine Corps Air Station Yuma,Executive
www.mcbblaz.marines.mil,Marine Corps,Marine Corps Base Camp Blaz,Executive
www.mcbbutler.marines.mil,Marine Corps,Marine Corps Base Camp Butler,Executive
www.lejeune.marines.mil,Marine Corps,Marine Corps Base Camp Lejeune,Executive
www.pendleton.marines.mil,Marine Corps,Marine Corps Base Camp Pendleton,Executive
www.mcbhawaii.marines.mil,Marine Corps,Marine Corps Base Hawaii,Executive
www.quantico.marines.mil,Marine Corps,Marine Corps Base Quantico,Executive
www.bic.marines.mil,Marine Corps,Marine Corps Blount Island Command,Executive
www.cdi.marines.mil,Marine Corps,Marine Corps Combat Development Command,Executive
www.trngcmd.marines.mil,Marine Corps,Marine Corps Combat Service Support School,Executive
www.hqmc.marines.mil,Marine Corps,Marine Corps Defense Services Organization,Executive
www.trngcmd.marines.mil,Marine Corps,Marine Corps Engineer School,Executive
www.marcent.marines.mil,Marine Corps,Marine Corps Forces Central Command,Executive
www.marforeur.marines.mil,Marine Corps,Marine Corps Forces Europe/Africa,Executive
www.marforres.marines.mil,Marine Corps,Marine Corps Forces Reserves,Executive
www.marforsouth.marines.mil,Marine Corps,Marine Corps Forces South,Executive
www.marsoc.marines.mil,Marine Corps,Marine Corps Forces Special Operations Command,Executive
www.hqmc.marines.mil,Marine Corps,Marine Corps Helicopter Squadron One,Executive
www.mcicom.marines.mil,Marine Corps,"Marine Corps Installations Command, MCICOM",Executive
www.mcieast.marines.mil,Marine Corps,Marine Corps Installations East,Executive
www.mcipac.marines.mil,Marine Corps,Marine Corps Installations Pacific,Executive
www.japan.marines.mil,Marine Corps,Marine Corps Installations Pacific (MCIPAC) Communication Strategy and Operations Official Japanese Website,Executive
www.mciwest.marines.mil,Marine Corps,Marine Corps Installations West,Executive
www.mcjrotc.marines.mil,Marine Corps,Marine Corps Junior ROTC Training and Education Command,Executive
www.albany.marines.mil,Marine Corps,Marine Corps Logistics Base Albany,Executive
www.mclbbarstow.marines.mil,Marine Corps,Marine Corps Logistics Base Barstow,Executive
www.logcom.marines.mil,Marine Corps,Marine Corps Logistics Command,Executive
www.29palms.marines.mil,Marine Corps,Marine Corps Mountain Warfare Training Center,Executive
www.mcrdpi.marines.mil,Marine Corps,Marine Corps Recruit Depot Parris Island,Executive
www.mcrdsd.marines.mil,Marine Corps,"Marine Corps Recruit Depot, San Diego",Executive
www.mcrc.marines.mil,Marine Corps,Marine Corps Recruiting Command,Executive
www.mcsfr.marines.mil,Marine Corps,Marine Corps Security Force Regiment,Executive
www.mcsf-nola.marines.mil,Marine Corps,Marine Corps Support Facility New Orleans,Executive
www.marcorsyscom.marines.mil,Marine Corps,Marine Corps Systems Command,Executive
www.marcorsyscom.marines.mil,Marine Corps,Marine Corps Tactical Systems Support Activity,Executive
www.tecom.marines.mil,Marine Corps,Marine Corps Training and Education Command,Executive
www.mcwl.marines.mil,Marine Corps,Marine Corps Warfighting Laboratory,Executive
www.marforcom.marines.mil,Marine Corps,Marine Forces Command,Executive
www.music.marines.mil,Marine Corps,Marine Music,Executive
www.tf515.marines.mil,Marine Corps,"Naval Amphibious Force, TF 51-5th Marine Expeditionary Brigade",Executive
www.okinawa.marines.mil,Marine Corps,Okinawa Marines,Executive
www.hqmc.marines.mil,Marine Corps,"Plans, Policies and Operations",Executive
www.peols.marines.mil,Marine Corps,Program Executive Officer Land Systems,Executive
www.hqmc.marines.mil,Marine Corps,Programs and Resources,Executive
www.ready.marines.mil,Marine Corps,Ready Marine Corps,Executive
www.safety.marines.mil,Marine Corps,Safety,Executive
www.trngcmd.marines.mil,Marine Corps,School of Infantry-East,Executive
www.trngcmd.marines.mil,Marine Corps,School of Infantry-West,Executive
www.smmc.marines.mil,Marine Corps,Sergeant Major of the Marine Corps,Executive
www.hqmc.marines.mil,Marine Corps,Staff Judge Advocate,Executive
www.marines.mil,Marine Corps,The Official United States Marine Corps Public Website,Executive
www.marineband.marines.mil,Marine Corps,The United States Marine Band,Executive
www.drumcorps.marines.mil,Marine Corps,The United States Marine Drum & Bugle Corps,Executive
www.trngcmd.marines.mil,Marine Corps,Train the Trainer School,Executive
www.trngcmd.marines.mil,Marine Corps,Training Command,Executive
www.comcam.marines.mil,Marine Corps,U.S. Marine Corps Combat Camera,Executive
www.fitness.marines.mil,Marine Corps,U.S. Marine Corps Fitness,Executive
www.marforcyber.marines.mil,Marine Corps,U.S. Marine Corps Forces Cyberspace Command,Executive
www.marfork.marines.mil,Marine Corps,"U.S. Marine Corps Forces, Korea",Executive
www.marforpac.marines.mil,Marine Corps,"U.S. Marine Corps Forces, Pacific",Executive
www.usmcu.edu,Marine Corps,U.S. Marine Corps University,Executive
www.woundedwarrior.marines.mil,Marine Corps,Wounded Warrior Regiment,Executive
www.24thmeu.marines.mil,Marine Corps,www.24thmeu.marines.mil,Executive
allhands.navy.mil,Navy,All Hands Magazine of the U.S. Navy,Executive
www.amphib7flt.navy.mil,Navy,Amphibious Force 7th Fleet,Executive
www.bracpmo.navy.mil,Navy,Base Realignment and Closure (BRAC) Program Management Office,Executive
www.mynavyhr.navy.mil,Navy,BUPERS/Navy Personnel Command,Executive
www.med.navy.mil,Navy,Bureau of Medicine & Surgery,Executive
www.mynavyhr.navy.mil,Navy,Bureau of Naval Personnel/Navy Personnel Command,Executive
www.cvw5.navy.mil,Navy,Carrier Air Wing 5 (CVW-5),Executive
ffr.cnic.navy.mil,Navy,CNIC Fleet and Family Readiness,Executive
www.ccsg15.navy.mil,Navy,Command Carrier Strike Group Fifteen,Executive
www.csp.navy.mil,Navy,Command Submarine Force Pacific Fleet,Executive
ndw.cnic.navy.mil,Navy,"Commandant, Naval District Washington",Executive
www.clwp.navy.mil,Navy,"Commander Logistics Group, Western Pacific",Executive
www.c7f.navy.mil,Navy,Commander U.S. 7th Fleet,Executive
www.csg4.usff.navy.mil,Navy,"Commander, Carrier Strike Group 4",Executive
jrm.cnic.navy.mil,Navy,"Commander, Joint Region Marianas",Executive
www.navifor.usff.navy.mil,Navy,"Commander, Naval Information Forces",Executive
www.cnmoc.usff.navy.mil,Navy,"Commander, Naval Meteorology and Oceanography Command",Executive
www.surflant.usff.navy.mil,Navy,"Commander, Naval Surface Force Atlantic",Executive
www.surfpac.navy.mil,Navy,"Commander, Naval Surface Force, U.S. Pacific Fleet",Executive
www.necc.usff.navy.mil,Navy,"Commander, Navy Expeditionary Combat Command",Executive
www.cnic.navy.mil,Navy,"Commander, Navy Installations Command (CNIC)",Executive
cnreurafcent.cnic.navy.mil,Navy,"Commander, Navy Region Europe, Africa, Central",Executive
cnrh.cnic.navy.mil,Navy,"Commander, Navy Region Hawaii",Executive
cnrma.cnic.navy.mil,Navy,"Commander, Navy Region Mid-Atlantic",Executive
cnrnw.cnic.navy.mil,Navy,"Commander, Navy Region Northwest",Executive
cnrse.cnic.navy.mil,Navy,"Commander, Navy Region Southeast",Executive
cnrsw.cnic.navy.mil,Navy,"Commander, Navy Region Southwest",Executive
cnrj.cnic.navy.mil,Navy,"Commander, Navy Region, Japan",Executive
cnrk.cnic.navy.mil,Navy,"Commander, Navy Region, Korea",Executive
www.cprw1.navy.mil,Navy,"Commander, Patrol and Reconnaissance Wing One",Executive
www.c2f.usff.navy.mil,Navy,"Commander, U.S. 2nd Fleet",Executive
www.c3f.navy.mil,Navy,"Commander, U.S. 3rd Fleet",Executive
www.cpf.navy.mil,Navy,"Commander, U.S. Pacific Fleet",Executive
www.ewtgpac.navy.mil,Navy,Expeditionary Warfare Training Group,Executive
www.ffsp.navy.mil,Navy,Fleet and Family Support Program,Executive
www.fcc.navy.mil,Navy,Fleet Cyber Command/U.S. Tenth Fleet,Executive
frcse.navair.navy.mil,Navy,Fleet Readiness Center South East (FRCSE),Executive
frcsw.navair.navy.mil,Navy,Fleet Readiness Center Southwest,Executive
www.c6f.navy.mil,Navy,LCPO for U.S. Naval Forces Europe-Africa/U.S. 6th Fleet,Executive
nmio.ise.gov,Navy,National Maritime Intelligence Office,Executive
www.airlant.usff.navy.mil,Navy,Naval Air Force U.S. Atlantic Fleet,Executive
www.airpac.navy.mil,Navy,"Naval Air Force, U.S. Pacific Fleet",Executive
navalaviationnews.navylive.dodlive.mil,Navy,Naval Aviation News,Executive
www.ncis.navy.mil,Navy,Naval Criminal Investigative Service (NCIS),Executive
www.netc.navy.mil,Navy,Naval Education and Training Command,Executive
atlantic.navfac.navy.mil,Navy,Naval Facilities Engineering Systems Command - Atlantic,Executive
exwc.navfac.navy.mil,Navy,Naval Facilities Engineering Systems Command - Engineering and Expeditionary Warfare Center,Executive
ncc.navfac.navy.mil,Navy,Naval Facilities Engineering Systems Command - Navy Crane Center,Executive
pacific.navfac.navy.mil,Navy,Naval Facilities Engineering Systems Command - Pacific,Executive
www.navfac.navy.mil,Navy,Naval Facilities Engineering Systems Command (NAVFAC),Executive
navalsafetycenter.navy.mil,Navy,Naval Safety Center,Executive
www.navsea.navy.mil,Navy,NAVAL Sea Systems Command,Executive
www.nsw.navy.mil,Navy,Naval Special Warfare Command,Executive
scnewsltr.dodlive.mil,Navy,Naval Supply Corps Newsletter,Executive
www.navsup.navy.mil,Navy,Naval Supply Systems Command,Executive
www.netc.navy.mil,Navy,Navy Education and Training Command (NETC),Executive
www.bootcamp.navy.mil,Navy,"Navy Education and Training Command (NETC), Bootcamp",Executive
jag.navylive.dodlive.mil,Navy,Navy JAG,Executive
outreach.navy.mil,Navy,Navy Office of Community Outreach,Executive
www.cnrc.navy.mil,Navy,Navy Recruiting Command,Executive
www.navyreserve.navy.mil,Navy,Navy Reserve Forces Command (RESFOR),Executive
www.nwdc.usff.navy.mil,Navy,Navy Warfare Development Command,Executive
www.oni.navy.mil,Navy,Office of Naval Intelligence,Executive
p2p.navy.mil,Navy,Performance To Plan,Executive
www.insurv.usff.navy.mil,Navy,President Board of Inspection and Survey,Executive
www.ready.navy.mil,Navy,Ready Navy,Executive
seabeemagazine.navylive.dodlive.mil,Navy,SeaBee Magazine,Executive
www.seaport.navy.mil,Navy,"SeaPort (Harnessing Power, Navigating Change",Executive
www.sublant.usff.navy.mil,Navy,Submarine Force U.S. Atlantic Fleet,Executive
www.ttgp.navy.mil,Navy,"Tactical Training Group, Pacific",Executive
www.usff.navy.mil,Navy,U.S. Fleet Forces,Executive
www.msc.usff.navy.mil,Navy,U.S. Military Sealift Command,Executive
www.nepa.navy.mil,Navy,U.S. National Environment Agency,Executive
www.usncc.edu,Navy,U.S. Naval Community College,Executive
www.cusnc.navy.mil,Navy,U.S. Naval Forces Central Command,Executive
www.fourthfleet.navy.mil,Navy,U.S. Naval Forces Southern Command / U.S. Fourth Fleet,Executive
www.nrl.navy.mil,Navy,U.S. Naval Research Laboratory,Executive
www.srf.navy.mil,Navy,"U.S. Naval Ship Repair Facility, Japan Regional Maintenance Center",Executive
www.navy.mil,Navy,U.S. Navy,Executive
usnhistory.navylive.dodlive.mil,Navy,U.S. Navy History Blog,Executive
www.navyreserve.navy.mil,Navy,U.S. Navy Reserve,Executive
www.airpac.navy.mil,Navy,U.S. Pacific Fleet,Executive
www.atlanticarea.uscg.mil,Coast Guard,Atlantic Area,Executive
www.dcms.uscg.mil,Coast Guard,Deputy Commandant for Mission Support,Executive
www.dco.uscg.mil,Coast Guard,Deputy Commandant for Operations,Executive
www.forcecom.uscg.mil,Coast Guard,Forcecom,Executive
www.history.uscg.mil,Coast Guard,History,Executive
www.mycg.uscg.mil,Coast Guard,MyCG,Executive
www.mycg.uscg.mil,Coast Guard,MyCG,Executive
www.ncgm.uscg.mil,Coast Guard,National Coast Guard Museum,Executive
www.news.uscg.mil,Coast Guard,News,Executive
www.pacificarea.uscg.mil,Coast Guard,Pacific Area,Executive
www.reserve.uscg.mil,Coast Guard,Reserve,Executive
www.uscg.mil,Coast Guard,United States Coast Guard,Executive
al.ng.mil,National Guard,Alabama National Guard,Executive
ak.ng.mil,National Guard,Alaska National Guard,Executive
arkansas.nationalguard.mil,National Guard,Arkansas National Guard,Executive
www.army.nationalguard.mil,National Guard,Army National Guard,Executive
www.atterburymuscatatuck.in.ng.mil,National Guard,Atterbury Muscatatuck,Executive
co.ng.mil,National Guard,Colorado National Guard,Executive
ct.ng.mil,National Guard,Connecticut National Guard,Executive
dc.ng.mil,National Guard,D.C. National Guard,Executive
www.de.ng.mil,National Guard,Delaware National Guard,Executive
www.ftig.ng.mil,National Guard,Fort Indiantown Gap,Executive
ga.ng.mil,National Guard,Georgia National Guard,Executive
www.gu.ng.mil,National Guard,Guam National Guard,Executive
www.il.ngb.army.mil,National Guard,Illinois National Guard,Executive
www.in.ng.mil,National Guard,Indiana National Guard,Executive
ky.ng.mil,National Guard,Kentucky Guard,Executive
www.me.ngb.army.mil,National Guard,Maine National Guard,Executive
campedwards.ng.mil,National Guard,Massachusetts Army National Guard,Executive
minationalguard.dodlive.mil,National Guard,Michigan National Guard,Executive
www.moguard.ngb.mil,National Guard,Missouri National Guard,Executive
www.nationalguard.mil,National Guard,National Guard,Executive
www.ngbpmc.ng.mil,National Guard,National Guard Bureau Publications & Forms Library,Executive
nh.ng.mil,National Guard,New Hampshire National Guard,Executive
ok.ng.mil,National Guard,Oklahoma National Guard,Executive
www.pa.ng.mil,National Guard,Pennsylvania National Guard,Executive
ri.ng.mil,National Guard,Rhode Island National Guard,Executive
www.scguard.ng.mil,National Guard,South Carolina National Guard,Executive
ut.ng.mil,National Guard,Utah National Guard,Executive
vt.public.ng.mil,National Guard,Vermont National Guard,Executive
www.ngfamily.vt.gov,National Guard,Vermont National Guard Family Programs,Executive
vi.ng.mil,National Guard,Virgin Islands National Guard,Executive
va.ng.mil,National Guard,Virginia National Guard,Executive
www.wv.ng.mil,National Guard,West Virginia National Guard,Executive
www.buckley.spaceforce.mil,Space Force,Buckley Space Force Base,Executive
www.losangeles.spaceforce.mil,Space Force,Los Angeles Space Force Base,Executive
www.patrick.spaceforce.mil,Space Force,Patrick Space Force Base/Space Launch Delta 45,Executive
www.peterson.spaceforce.mil,Space Force,Peterson Space Force Base,Executive
www.schriever.spaceforce.mil,Space Force,Schriever Space Force Base,Executive
www.spoc.spaceforce.mil,Space Force,Space Operations Command (SPOC),Executive
www.ssc.spaceforce.mil,Space Force,Space Systems Command,Executive
www.starcom.spaceforce.mil,Space Force,Space Training ad Readiness Command (STARCOM),Executive
www.spaceforce.mil,Space Force,United States Space Force,Executive
www.vandenberg.spaceforce.mil,Space Force,Vandenberg Space Force Base,Executive
airforceacademy.tricare.mil,Defense Health Agency,10th Medical Group - Air Force Academy,Executive
AnacostiaBolling.tricare.mil,Defense Health Agency,11th Medical Squadron - Joint Base Anacostia-Bolling,Executive
Columbus.tricare.mil,Defense Health Agency,14th Medical Group - Columbus Air Force Base,Executive
goodfellow.tricare.mil,Defense Health Agency,17th Medical Group - Goodfellow Air Force Base,Executive
kadena.tricare.mil,Defense Health Agency,18th Medical Group - Kadena Air Base,Executive
littlerock.tricare.mil,Defense Health Agency,19th Medical Group - Little Rock Air Force Base,Executive
Hurlburt.tricare.mil,Defense Health Agency,1st Special Operations Medical Group - Hurlburt Field,Executive
shaw.tricare.mil,Defense Health Agency,20th Medical Group - Shaw Air Force Base,Executive
Peterson.tricare.mil,Defense Health Agency,21st Medical Group - Peterson Air Force Base,Executive
mcconnell.tricare.mil,Defense Health Agency,22d Medical Group - McConnell Air Force Base,Executive
moody.tricare.mil,Defense Health Agency,23d Medical Group - Moody Air Force Base,Executive
Cannon.tricare.mil,Defense Health Agency,27th Special Operations Medical Group - Cannon Air Force Base,Executive
Ellsworth.tricare.mil,Defense Health Agency,28th Medical Group - Ellsworth Air Force Base,Executive
barksdale.tricare.mil,Defense Health Agency,2d Medical Group - Barksdale Air Force Base,Executive
vandenberg.tricare.mil,Defense Health Agency,30th Medical Group - Vandenberg Air Force Base,Executive
andrews.tricare.mil,Defense Health Agency,316th Medical Group - Joint Base Andrews (Malcom Grow Medical Clinics and Surgery Center),Executive
grandforks.tricare.mil,Defense Health Agency,319th Medical Group - Grand Forks Air Force Base,Executive
aviano.tricare.mil,Defense Health Agency,31st Medical Group - Aviano Air Base,Executive
tyndall.tricare.mil,Defense Health Agency,325th Medical Group - Tyndall Air Force Base,Executive
malmstrom.tricare.mil,Defense Health Agency,341st Medical Group - Malmstrom Air Force Base,Executive
eielson.tricare.mil,Defense Health Agency,354th Medical Group - Eielson Air Force Base,Executive
DavisMonthan.tricare.mil,Defense Health Agency,355th Medical Group - Davis-Monthan Air Force Base,Executive
misawa.tricare.mil,Defense Health Agency,35th Medical Group - Misawa Air Base,Executive
mountainhome.tricare.mil,Defense Health Agency,366th Medical Group - Mountain Home Air Force Base,Executive
andersen.tricare.mil,Defense Health Agency,36th Medical Group - Andersen Air Force Base,Executive
yokota.tricare.mil,Defense Health Agency,374th Medical Group - Yokota Air Base,Executive
Scott.tricare.mil,Defense Health Agency,375th Medical Group - Scott Air Force Base,Executive
kirtland.tricare.mil,Defense Health Agency,377th Medical Group - Kirtland Air Force Base,Executive
incirlik.tricare.mil,Defense Health Agency,39th Medical Group - Incirlik Air Base,Executive
edwards.tricare.mil,Defense Health Agency,412th Medical Group - Edwards Air Force Base,Executive
rafcroughton.tricare.mil,Defense Health Agency,422d Medical Squadron - RAF Croughton,Executive
rafalconbury.tricare.mil,Defense Health Agency,423d Medical Squadron - RAF Alconbury,Executive
maxwell.tricare.mil,Defense Health Agency,42d Medical Group - Maxwell Air Force Base,Executive
Dover.tricare.mil,Defense Health Agency,436th Medical Group - Dover Air Force Base,Executive
pope.tricare.mil,Defense Health Agency,43d Medical Squadron - Pope Field,Executive
patrick.tricare.mil,Defense Health Agency,45th Medical Group - Patrick Air Force Base,Executive
Buckley.tricare.mil,Defense Health Agency,460th Medical Group - Buckley Air Force Base,Executive
laughlin.tricare.mil,Defense Health Agency,47th Medical Group - Laughlin Air Force Base,Executive
raflakenheath.tricare.mil,Defense Health Agency,48th Medical Group - RAF Lakenheath,Executive
Holloman.tricare.mil,Defense Health Agency,49th Medical Group - Holloman Air Force Base,Executive
seymourjohnson.tricare.mil,Defense Health Agency,4th Medical Group - Seymour Johnson Air Force Base,Executive
whiteman.tricare.mil,Defense Health Agency,509th Medical Group - Whiteman Air Force Base,Executive
osan.tricare.mil,Defense Health Agency,51st Medical Group - Osan Air Base,Executive
spangdahlem.tricare.mil,Defense Health Agency,52nd Medical Group - Spangdahlem Air Base,Executive
offutt.tricare.mil,Defense Health Agency,55th Medical Group - Offutt Air Force Base,Executive
luke.tricare.mil,Defense Health Agency,56th Medical Group - Luke Air Force Base,Executive
wilfordhall.tricare.mil,Defense Health Agency,59th Medical Wing - JBSA - Wilford Hall Ambulatory Surgical Center,Executive
minot.tricare.mil,Defense Health Agency,5th Medical Group - Minot Air Force Base,Executive
travis.tricare.mil,Defense Health Agency,60th Medical Group - Travis Air Force Base,Executive
losangeles.tricare.mil,Defense Health Agency,61st Medical Squadron - Los Angeles Air Force Base,Executive
Charleston.tricare.mil,Defense Health Agency,628th Medical Group - Joint Base Charleston,Executive
LewisMcChord.tricare.mil,Defense Health Agency,62nd Medical Squadron - Joint Base Lewis-McChord,Executive
LangleyEustis.tricare.mil,Defense Health Agency,633d Medical Group - Joint Base Langley-Eustis,Executive
hanscom.tricare.mil,Defense Health Agency,66th Medical Squadron - Hanscom Air Force Base,Executive
ElmendorfRichardson.tricare.mil,Defense Health Agency,673d Medical Group - Joint Base Elmendorf-Richardson,Executive
macdill.tricare.mil,Defense Health Agency,6th Medical Group - MacDill Air Force Base,Executive
vance.tricare.mil,Defense Health Agency,71st Medical Group - Vance Air Force Base,Executive
tinker.tricare.mil,Defense Health Agency,72d Medical Group - Tinker Air Force Base,Executive
hill.tricare.mil,Defense Health Agency,75th Medical Group - Hill Air Force Base,Executive
robins.tricare.mil,Defense Health Agency,78th Medical Group - Robins Air Force Base,Executive
Dyess.tricare.mil,Defense Health Agency,7th Medical Group - Dyess Air Force Base,Executive
keesler.tricare.mil,Defense Health Agency,81st Medical Group - Keesler Air Force Base,Executive
sheppard.tricare.mil,Defense Health Agency,82nd Medical Group - Sheppard Air Force Base,Executive
ramstein.tricare.mil,Defense Health Agency,86th Medical Group - Ramstein Air Base,Executive
McGuireDixlakehurst.tricare.mil,Defense Health Agency,87th Medical Group - Joint Base McGuire-Dix-Lakehurst,Executive
wrightpatterson.tricare.mil,Defense Health Agency,88th Medical Group - Wright-Patterson Air Force Base,Executive
kunsan.tricare.mil,Defense Health Agency,8th Medical Group - Kunsan Air Base,Executive
fewarren.tricare.mil,Defense Health Agency,90th Medical Group - F.E. Warren Air Force Base,Executive
Fairchild.tricare.mil,Defense Health Agency,92d Medical Group - Fairchild Air Force Base,Executive
eglin.tricare.mil,Defense Health Agency,96th Medical Group - Eglin Air Force Base,Executive
altus.tricare.mil,Defense Health Agency,97th Medical Group - Altus Air Force Base,Executive
nellis.tricare.mil,Defense Health Agency,99th Medical Group - Nellis Air Force Base,Executive
beale.tricare.mil,Defense Health Agency,9th Medical Group - Beale Air Force Base,Executive
bayne-jones.tricare.mil,Defense Health Agency,ACH Bayne-Jones-Polk,Executive
leonard-wood.tricare.mil,Defense Health Agency,ACH Leonard Wood,Executive
weed-irwin.tricare.mil,Defense Health Agency,ACH Weed-Irwin,Executive
briandallgood.tricare.mil,Defense Health Agency,ACH-Brian Allgood AHC-Seoul,Executive
bg-crawford.tricare.mil,Defense Health Agency,AHC BG Crawford Sams-Camp Zama,Executive
guantanamo.tricare.mil,Defense Health Agency,AHC Guantanamo Bay,Executive
munson.tricare.mil,Defense Health Agency,AHC Munson-Leavenworth,Executive
raymond-bliss.tricare.mil,Defense Health Agency,AHC R W Bliss-Huachuca,Executive
reynolds.tricare.mil,Defense Health Agency,AHC Reynolds-Sill,Executive
bamc.tricare.mil,Defense Health Agency,AMC Brooke Army Medical Center-FSH,Executive
madigan.tricare.mil,Defense Health Agency,AMC Madigan-Lewis,Executive
william-beaumont.tricare.mil,Defense Health Agency,AMC William Beaumont-Bliss,Executive
rader.tricare.mil,Defense Health Agency,Andrew Rader Army Health Clinic,Executive
southcomclinic.tricare.mil,Defense Health Agency,Army Health Clinic SOUTHCOM,Executive
darnall.tricare.mil,Defense Health Agency,Army Medical Center Darnall-Hood,Executive
womack.tricare.mil,Defense Health Agency,Army Medical Center Womack-Bragg,Executive
barquist.tricare.mil,Defense Health Agency,Barquist Army Health Clinic,Executive
bassett-wainwright.tricare.mil,Defense Health Agency,Bassett-Wainwright ACH,Executive
mhs-europe.tricare.mil,Defense Health Agency,Bavaria MEDDAC-Vilseck,Executive
blanchfield.tricare.mil,Defense Health Agency,Blanchfield-Campbell Army Community Hospital,Executive
calmed.tricare.mil,Defense Health Agency,California Medical Detachment,Executive
desmond-doss.tricare.mil,Defense Health Agency,Desmond Doss Health Clinic,Executive
dunham.tricare.mil,Defense Health Agency,Duham Army Health Clinic,Executive
eisenhower.tricare.mil,Defense Health Agency,Eisenhower Army Medical Center,Executive
evans.tricare.mil,Defense Health Agency,Evans Army Community Hospital,Executive
belvoirhospital.tricare.mil,Defense Health Agency,Fort Belvoir Community Hospital,Executive
guthrie.tricare.mil,Defense Health Agency,Fort Drum and Guthrie Ambulatory,Executive
redstone.tricare.mil,Defense Health Agency,Fox Army Health Center,Executive
ireland.tricare.mil,Defense Health Agency,Ireland Army Health Clinic,Executive
irwin.tricare.mil,Defense Health Agency,Irwin Army Community Hospital,Executive
PearlHarborHickam.tricare.mil,Defense Health Agency,Joint Base Pearl Harbor-Hickman,Executive
keller.tricare.mil,Defense Health Agency,Keller-West Point Army Community Hospital,Executive
kenner.tricare.mil,Defense Health Agency,Kenner Army Health Clinic,Executive
kimbrough.tricare.mil,Defense Health Agency,Kimbrough Ambulatory Care Center,Executive
kirk.tricare.mil,Defense Health Agency,Kirk Army Medical Health Clinic,Executive
landstuhl.tricare.mil,Defense Health Agency,Landstuhl Regional Medcen,Executive
lyster.tricare.mil,Defense Health Agency,Lyster Army Health Clinic,Executive
martin.tricare.mil,Defense Health Agency,Martin-Benning Army Community Hospital,Executive
mcdonald.tricare.mil,Defense Health Agency,McDonald-Eustis Army Health Center,Executive
moncrief.tricare.mil,Defense Health Agency,Moncrief Army Health Clinic,Executive
annapolis.tricare.mil,Defense Health Agency,Naval Health Clinic Annapolis,Executive
NHC-Charleston.tricare.mil,Defense Health Agency,Naval Health Clinic Charleston,Executive
cherrypoint.tricare.mil,Defense Health Agency,Naval Health Clinic Cherry Point,Executive
corpuschristi.tricare.mil,Defense Health Agency,Naval Health Clinic Corpus Christi,Executive
lemoore.tricare.mil,Defense Health Agency,Naval Health Clinic Lemoore,Executive
newengland.tricare.mil,Defense Health Agency,Naval Health Clinic New England,Executive
bremerton.tricare.mil,Defense Health Agency,Naval Hospital Bremerton,Executive
camp-pendleton.tricare.mil,Defense Health Agency,Naval Hospital Camp Pendleton,Executive
guam.tricare.mil,Defense Health Agency,Naval Hospital Guam,Executive
jacksonville.tricare.mil,Defense Health Agency,Naval Hospital Jacksonville,Executive
naples.tricare.mil,Defense Health Agency,Naval Hospital Naples,Executive
sigonella.tricare.mil,Defense Health Agency,Naval Hospital Sigonella,Executive
twentynine-palms.tricare.mil,Defense Health Agency,Naval Hospital Twentynine Palms,Executive
yokosuka.tricare.mil,Defense Health Agency,Naval Hospital Yokosuka,Executive
camp-lejeune.tricare.mil,Defense Health Agency,Naval Medical Center Camp Lejeune,Executive
portsmouth.tricare.mil,Defense Health Agency,Naval Medical Center Portsmouth,Executive
sandiego.tricare.mil,Defense Health Agency,Naval Medical Center San Diego,Executive
pensacola.tricare.mil,Defense Health Agency,Navy Hospital Pensacola,Executive
rota.tricare.mil,Defense Health Agency,Navy Medicine Readiness and Training Center Rota,Executive
diegogarcia.tricare.mil,Defense Health Agency,NBHC NSF Diego Garcia,Executive
newsroom.tricare.mil,Defense Health Agency,Newsroom,Executive
nhchawaii.tricare.mil,Defense Health Agency,NHC Hawaii,Executive
oakharbor.tricare.mil,Defense Health Agency,NHC Oak Harbor,Executive
paxriver.tricare.mil,Defense Health Agency,NHC Patuxent River,Executive
quantico.tricare.mil,Defense Health Agency,NHC Quantico,Executive
beaufort.tricare.mil,Defense Health Agency,NMRTC Beaufort,Executive
rodriguez.tricare.mil,Defense Health Agency,Rodriguez-Buchanan Army Health Clinic,Executive
tripler.tricare.mil,Defense Health Agency,Tripler Army Medical Center,Executive
okinawa.tricare.mil,Defense Health Agency,U.S. Naval Hospital Okinawa,Executive
wrair.health.mil,Defense Health Agency,Walter Reed Army Institute of Research,Executive
walterreed.tricare.mil,Defense Health Agency,Walter Reed National MILMED CNTR,Executive
winn.tricare.mil,Defense Health Agency,Winn Army Community Hospital,Executive