Component,Site,URL
DOD,American Forces Network,myafn.dodlive.mil
DOD,American Forces Network Europe,www.afneurope.net
DOD,American Forces Network Pacific,www.afnpacific.net
DOD,Anti-Tamper Executive Agent,at.dod.mil/
DOD,Armed Forces Day,afd.defense.gov
DOD,Armed Forces Sports,armedforcessports.defense.gov/
DOD,ASD Legislative Affairs,la.defense.gov/
DOD,Basic Research | Research Directorate,basicresearch.defense.gov
DOD,Capstone,capstone.ndu.edu/
DOD,Center for Applied Strategic Learning,casl.ndu.edu/
DOD,Center for Complex Operations,cco.ndu.edu/
DOD,Center for Development of Security Excellence (DCSA/CDSE),www.cdse.edu/
DOD,Center for Joint and Strategic Logistics,cjsl.ndu.edu/
DOD,Center for the Study of Weapons of Mass Destruction,wmdcenter.ndu.edu
DOD,Chief Information Officer,dodcio.defense.gov/
DOD,Chief Management Officer,dam.defense.gov/
DOD,Cloud Computing Program Office,www.ccpo.mil
DOD,College for International Security Affairs,http://cisa.ndu.edu/
DOD,College of Information and Cyberspace,cic.ndu.edu/
DOD,Combating Trafficking in Persons,ctip.defense.gov/
DOD,Comptroller,comptroller.defense.gov/
DOD,Defense Advisory Committee on Women in the Services,dacowits.defense.gov/
DOD,Defense Business Board,dbb.defense.gov/
DOD,Defense Civilian Intelligence Personnel System,dcips.defense.gov/
DOD,Defense Contract Audit Agency,www.dcaa.mil
DOD,Defense Contract Management Agency,www.dcma.mil
DOD,Defense Counterintelligence and Security Agency,www.dcsa.mil
DOD,Defense Counterintelligence Security Service,www.dss.mil
DOD,Defense Equal Opportunity Management Institute,www.defenseculture.mil
DOD,Defense Finance Accounting Service,www.dfas.mil
DOD,Defense Imagery Management Operations Center,www.dimoc.mil
DOD,Defense Information School,www.dinfos.dma.mil/
DOD,Defense Innovation Board,innovation.defense.gov
DOD,Defense Intelligence Agency,www.dia.mil/
DOD,Defense Logistics Agency,www.dla.mil/
DOD,Defense Manpower Data Center (DMDC),www.dhra.mil
DOD,Defense Media Activity,www.dma.mil/
DOD,Defense Office of Hearings and Appeals,doha.ogc.osd.mil
DOD,Defense POW/MIA Accounting Agency,www.dpaa.mil/
DOD,Defense Privacy and Civil Liberties Division,dpcld.defense.gov/
DOD,Defense Standardization Program,www.dsp.dla.mil/
DOD,Defense Suicide Prevention Office,www.dspo.mil/
DOD,Defense Threat Reduction Agency,www.dtra.mil/
DOD,Defense Travel Management Office (DTMO),www.travel.dod.mil/
DOD,Department of Defense,www.defense.gov/
DOD,Department of Defense Cyber Crime Center (DC3),www.dc3.mil
DOD,Department of Defense Inspector General,www.dodig.mil
DOD,Department of Defense Standards of Conducts Office,dodsoco.ogc.osd.mil/
DOD,DIA Inspector General,oig.dia.mil
DOD,DINFOS Pavilion,pavilion.dinfos.edu
DOD,Director Operational Test and Evaluation (DOTE),www.dote.osd.mil
DOD,DOD Common Access Card,www.cac.mil
DOD,DOD MANTECH,www.dodmantech.mil
DOD,DOD NAF Accounting,www.dodnafaccounting.defense.gov
DOD,DOD Non-Lethal Weapons Program,jnlwp.defense.gov/
DOD,DOD Open Government,open.defense.gov/
DOD,DOD Readiness and Environmental Protection Initiative,www.repi.mil/
DOD,Enterprise Cloud,www.cloud.mil
DOD,Executive Services Directorate,www.esd.whs.mil
DOD,Human Capital Management Office,dodcertpmo.defense.gov
DOD,Innovative Readiness Training,irt.defense.gov/
DOD,Institute for National Strategic Studies,inss.ndu.edu/
DOD,International Student Management Office,ismo.ndu.edu/
DOD,Joint Advertising Market Research and Studies,jamrs.defense.gov/
DOD,Joint Enabling Capabilities Command,www.jecc.mil/
DOD,Joint Forces Staff College,jfsc.ndu.edu/
DOD,Keystone,keystone.ndu.edu
DOD,Manufacturing and Industrial Base Policy,www.businessdefense.gov
DOD,Medical Education and Training Campus,www.metc.mil
DOD,Military Awards for Valor,valor.defense.gov
DOD,Military Pay,militarypay.defense.gov
DOD,Minerva Research Initiative,minerva.defense.gov
DOD,National Defense University,www.ndu.edu/
DOD,National Defense University Press,ndupress.ndu.edu/
DOD,National Intelligence Manager for Aviation (NIM-A),www.airdomainintelligence.mil/
DOD,National Reconnaissance Office,www.nro.gov
DOD,National Security Agency,www.nsa.gov
DOD,National Security Agency Inspector General,oig.nsa.gov
DOD,National War College,http://nwc.ndu.edu/
DOD,North American Aerospace Defense Command,www.norad.mil/
DOD,OASD for Intelligence Oversight,http://dodsioo.defense.gov/
DOD,Office of Diversity Management and Equal Opportunity,diversity.defense.gov/
DOD,Office of People of Analytics (OPA),opa.defense.gov
DOD,Office of Small Business Programs (Business.Defense),http://business.defense.gov/
DOD,Office of the Actuary,actuary.defense.gov/
DOD,Office of the Deputy Assistant Secretary of Defense for Military Community & Family Policy (DoD MWR and Resale Policy),dodmwrandresalepolicy.defense.gov
DOD,Office of the General Counsel,ogc.osd.mil
DOD,Office of the Under Secretary of Defense for Intelligence,ousdi.defense.gov
DOD,Open Data,data.defense.gov/
DOD,OSD Historical Office,history.defense.gov/
DOD,OUSD Information and Security Policy,www.dodcui.mil
DOD,OUSD Policy,policy.defense.gov/
DOD,Pentagon Force Protection Agency,www.pfpa.mil
DOD,Periodic Review Secretariat,www.prs.mil/
DOD,Pinnacle,pinnacle.ndu.edu/
DOD,Purview (was DoDLive),purview.dodlive.mil
DOD,Recovering Warrior Task Force,rwtf.defense.gov/
DOD,Reserve Component National Security Course,rcnsc.ndu.edu
DOD,Reserve Forces Policy Board,rfpb.defense.gov/
DOD,Small Business Innovation Research,www.defensesbirsttr.mil/
DOD,State Facility Boards,sfb.dodlive.mil
DOD,Television-Audio Support Activity,tasa.dma.mil/
DOD,Test and Evaluation Enterprise,www.test-evaluation.osd.mil
DOD,The Eisenhower School,es.ndu.edu/
DOD,The Executive Secretary,execsec.defense.gov/
DOD,"The Office of the Director, Operational Test and Evaluation",www.dote.osd.mil
DOD,U.S. Forces Japan,www.usfj.mil/
DOD,U.S. Forces Korea,www.usfk.mil/
DOD,Under Secretary of Defense for Personnel and Readiness,prhome.defense.gov/
DOD,Victim and Witness Assistance Council,vwac.defense.gov/
DOD,Warrior Care,warriorcare.dodlive.mil
DOD,Washington Headquarters,www.whs.mil
DOD,Web Enterprise Business (Web.mil),www.publicweb.dma.mil
DOD,White House Communications Agency,www.whitehousecommsagency.mil
Joint,Air Land Sea Application Center,www.alsa.mil
Joint,Combined Joint Task Force - Operation Inherent Resolve,www.inherentresolve.mil
Joint,Joint Base Anacostia-Bolling,www.jbab.jb.mil
Joint,Joint Base Andrews,www.jba.af.mil
Joint,Joint Base Charleston,www.jbcharleston.jb.mil/
Joint,Joint Base Elmendorf-Richardson,www.jber.jb.mil/
Joint,Joint Base Langley-Eustis,www.jble.af.mil
Joint,Joint Base McGuire-Dix-Lakehurst,www.jbmdl.jb.mil/
Joint,Joint Base San Antonio,www.jbsa.af.mil
Joint,Joint Chiefs of Staff,www.jcs.mil/
Joint,Joint Communications Unit,www.jcu.mil
Joint,Joint Interagency Task Force South,www.jiatfs.southcom.mil/
Joint,Joint Personnel Recovery Agency,www.jpra.mil/
Joint,Joint Service Committee on Military Justice,http://jsc.defense.gov
Joint,Joint Tactical Networking Center,www.jtnc.mil
Joint,Joint Task Force Civil Support,www.jtfcs.northcom.mil
Joint,Joint Task Force Guantanamo,www.jtfgtmo.southcom.mil
Joint,Joint Task Force North,www.jtfn.northcom.mil
Joint,Joint Task Force-Bravo,www.jtfb.southcom.mil
Joint,Joint Task Force-Space Defense,www.jtf-spacedefense.mil/
Joint,Joint Warfare Analysis Center,www.jwac.mil
Joint,North American Aerospace Defense Command (NORAD),www.norad.mil/
Joint,Plains Guardian,plainsguardian.dodlive.mil
Joint,U.S. Central Command,www.centcom.mil
Joint,U.S. Cyber Command,www.cybercom.mil
Joint,U.S. Northern Command,www.northcom.mil/
Joint,U.S. Pacific Command,www.pacom.mil/
Joint,U.S. Southern Command,www.southcom.mil
Joint,U.S. Space Command,www.spacecom.mil
Joint,U.S. Strategic Command,www.stratcom.mil
Joint,United Forces Command,www.unc.mil
Air Force,101st Air Refueling Wing*,www.101arw.ang.af.mil
Air Force,102nd Intelligence Wing,www.102iw.ang.af.mil
Air Force,103rd Airlift Wing,www.103aw.ang.af.mil
Air Force,104th Fighter Wing,www.104fw.ang.af.mil
Air Force,105th Airlift Wing,www.105aw.ang.af.mil
Air Force,106th Rescue Wing,www.106rqw.ang.af.mil
Air Force,107th Attack Wing,www.107attackwing.ang.af.mil
Air Force,108th Wing,www.108thwing.ang.af.mil
Air Force,109th Airlift Wing,www.109aw.ang.af.mil
Air Force,10th Air Force,www.10af.afrc.af.mil
Air Force,110th Wing,www.110atkw.ang.af.mil
Air Force,111th Attack Wing,www.111attackwing.ang.af.mil
Air Force,113th Wing,www.113wg.ang.af.mil
Air Force,114th Fighter Wing,www.114fw.ang.af.mil
Air Force,115th Fighter Wing,www.115fw.ang.af.mil
Air Force,116th Air Control Wing,www.116acw.ang.af.mil
Air Force,117th Air Refueling Wing,www.117arw.ang.af.mil
Air Force,118th Wing,www.118wg.ang.af.mil
Air Force,119th Wing,www.119wg.ang.af.mil
Air Force,120th Airlift Wing,www.120thairliftwing.ang.af.mil
Air Force,121st Air Refueling Wing,www.121arw.ang.af.mil
Air Force,122nd Fighter Wing,www.122fw.ang.af.mil
Air Force,123rd Airlift Wing,www.123aw.ang.af.mil
Air Force,124th Fighter Wing,www.124thfighterwing.ang.af.mil
Air Force,125th Fighter Wing (was Florida),www.125fw.ang.af.mil
Air Force,126th Air Refueling Wing,www.126arw.ang.af.mil/
Air Force,127th Wing,www.127wg.ang.af.mil
Air Force,128th Air Refueling Wing,www.128arw.ang.af.mil
Air Force,129th Rescue Wing,www.129rqw.ang.af.mil
Air Force,12th Air Force,www.12af.acc.af.mil
Air Force,12th Flying Training Wing,www.12ftw.af.mil/
Air Force,130th Airlift Wing,www.130aw.ang.af.mil
Air Force,131st Bomb Wing,www.131bw.ang.af.mil
Air Force,132nd Wing,www.132dwing.ang.af.mil
Air Force,133rd Airlift Wing,www.133aw.ang.af.mil
Air Force,134th Air Refueling Wing,www.134arw.ang.af.mil
Air Force,136th Airlift Wing,www.136aw.ang.af.mil
Air Force,137th Special Operations Wing,www.137sow.ang.af.mil
Air Force,138th Fighter Wing,www.138fw.ang.af.mil
Air Force,139th Airlift Wing,www.139aw.ang.af.mil
Air Force,140th Wing,www.140wg.ang.af.mil
Air Force,141st Air Refueling Wing,www.141arw.ang.af.mil
Air Force,142nd Fighter Wing,www.142fw.ang.af.mil
Air Force,143rd Airlift Wing,www.143aw.ang.af.mil
Air Force,144th Fighter Wing,www.144fw.ang.af.mil
Air Force,145th Airlift Wing,www.145aw.ang.af.mil
Air Force,146th Airlift Wing,www.146aw.ang.af.mil
Air Force,147th Reconnaissance Wing,www.147atkw.ang.af.mil
Air Force,148th Fighter Wing,www.148fw.ang.af.mil
Air Force,149th Fighter Wing,www.149fw.ang.af.mil
Air Force,150th Special Operations Wing,www.150sow.ang.af.mil
Air Force,151st Air Refueling Wing,www.151arw.ang.af.mil
Air Force,152nd Airlift Wing,www.152aw.ang.af.mil
Air Force,153rd Airlift Wing,www.153aw.ang.af.mil
Air Force,154th Wing,www.154wg.ang.af.mil
Air Force,155th Air Refueling Wing,www.155arw.ang.af.mil
Air Force,156th Wing,www.156wg.ang.af.mil
Air Force,157th Air Refueling Wing,www.157arw.ang.af.mil
Air Force,158th Fighter Wing,www.158fw.ang.af.mil
Air Force,159th Fighter Wing,www.159fw.ang.af.mil
Air Force,15th Air Force,www.15af.acc.af.mil
Air Force,15th Wing,www.15wing.af.mil
Air Force,161st Air Refueling Wing,www.161arw.ang.af.mil
Air Force,162nd Wing,www.162wing.ang.af.mil
Air Force,163rd Attack Wing,www.163atkw.ang.af.mil
Air Force,164th Airlift Wing,www.164aw.ang.af.mil
Air Force,165th Airlift Wing,www.165aw.ang.af.mil
Air Force,166th Airlift Wing,www.166aw.ang.af.mil
Air Force,167th Airlift Wing,www.167aw.ang.af.mil
Air Force,168th Air Refueling Wing,www.168wg.ang.af.mil
Air Force,169th Fighter Wing,www.169fw.ang.af.mil
Air Force,16th Air Force,www.16af.af.mil
Air Force,171st Air Refueling Wing,www.171arw.ang.af.mil
Air Force,172nd Airlift Wing,www.172aw.ang.af.mil
Air Force,173rd Fighter Wing,www.173fw.ang.af.mil
Air Force,174th Attack Wing,www.174attackwing.ang.af.mil
Air Force,175th Wing,www.175wg.ang.af.mil
Air Force,176th Wing,www.176wg.ang.af.mil
Air Force,177th Fighter Wing,www.177fw.ang.af.mil
Air Force,178th Wing,www.178wing.ang.af.mil
Air Force,179th Airlift Wing,www.179aw.ang.af.mil
Air Force,180th Fighter Wing,www.180fw.ang.af.mil
Air Force,181st Intelligence Wing,www.181iw.ang.af.mil
Air Force,182nd Airlift Wing,www.182aw.ang.af.mil
Air Force,183rd Fighter Wing,www.183wg.ang.af.mil
Air Force,184th Intelligence Wing,www.184iw.ang.af.mil
Air Force,185th Air Refueling Wing,www.185arw.ang.af.mil
Air Force,186th Air Refueling Wing,www.186arw.ang.af.mil
Air Force,187th Fighter Wing,www.187fw.ang.af.mil
Air Force,188th Wing,www.188wg.ang.af.mil
Air Force,189th Airlift Wing,www.189aw.ang.af.mil
Air Force,18th Air Force,www.18af.amc.af.mil
Air Force,190th Air Refueling Wing,www.190arw.ang.af.mil
Air Force,192nd Fighter Wing,www.192wg.ang.af.mil
Air Force,193rd Special Operations Wing,www.193sow.ang.af.mil
Air Force,194th Wing,www.194wg.ang.af.mil
Air Force,195th Wing,www.195wg.ang.af.mil
Air Force,1st Air Force (AFNORTH),www.1af.acc.af.mil
Air Force,20th Air Force,www.20af.af.mil
Air Force,22nd Air Force,www.22af.afrc.af.mil
Air Force,24th Special Operations Wing (Air Force Special Tactics),www.airforcespecialtactics.af.mil
Air Force,25th Air Force,www.25af.af.mil
Air Force,2nd Air Force,www.2af.aetc.af.mil
Air Force,301st Fighter Wing,www.301fw.afrc.af.mil
Air Force,302nd Airlift Wing,www.302aw.afrc.af.mil
Air Force,307th Bomb Wing,www.307bw.afrc.af.mil
Air Force,310th Space Wing,www.310sw.afrc.af.mil
Air Force,315th Airlift Wing,www.315aw.afrc.af.mil
Air Force,33rd Fighter Wing,www.33fw.af.mil
Air Force,340th Flying Training Group,www.340ftg.afrc.af.mil
Air Force,349th Air Mobility Wing,www.349amw.afrc.af.mil
Air Force,352nd Special Operations Wing,www.352sow.af.mil
Air Force,353rd Special Operations Group,www.353sog.af.mil
Air Force,37th Training Wing,www.37trw.af.mil
Air Force,388th Fighter Wing,www.388fw.acc.af.mil
Air Force,403rd Wing,www.403wg.afrc.af.mil
Air Force,413th Flight Training Group,www.413ftg.afrc.af.mil
Air Force,419th Fighter Wing,www.419fw.afrc.af.mil
Air Force,433rd Airlift Wing,www.433aw.afrc.af.mil
Air Force,442nd Fighter Wing,www.442fw.afrc.af.mil
Air Force,445th Airlift Wing,www.445aw.afrc.af.mil
Air Force,446th Airlift Wing,www.446aw.afrc.af.mil
Air Force,459th Air Refueling Wing,www.459arw.afrc.af.mil
Air Force,477th Fighter Group,www.477fg.afrc.af.mil
Air Force,492nd Special Operations Wing,www.492sow.af.mil
Air Force,4th Air Force,www.4af.afrc.af.mil
Air Force,501st Combat Support Wing,www.501csw.usafe.af.mil
Air Force,505th Command and Control Wing,www.505ccw.acc.af.mil
Air Force,507th Air Refueling Wing,www.507arw.afrc.af.mil
Air Force,512th Airlift Wing,www.512aw.afrc.af.mil
Air Force,514th Air Mobility Wing,www.514amw.afrc.af.mil
Air Force,521st Air Mobility Operations Wing,www.521amow.af.mil/
Air Force,53rd Wing,www.53rdwing.af.mil
Air Force,552nd Air Control Wing,www.552acw.acc.af.mil
Air Force,557th Weather Wing,www.557weatherwing.af.mil
Air Force,59th Medical Wing,www.59mdw.af.mil
Air Force,5th Air Force,www.5af.pacaf.af.mil
Air Force,618th Tanker Airlift Control Center,www.618tacc.amc.af.mil
Air Force,624th Regional Support Group,www.624rsg.afrc.af.mil
Air Force,79th Medical Wing,www.jba.af.mil/
Air Force,7th Air Force,www.7af.pacaf.af.mil
Air Force,8th Air Force,www.8af.af.mil
Air Force,908th Airlift Wing,www.908aw.afrc.af.mil
Air Force,913th Airlift Group,www.913ag.afrc.af.mil
Air Force,916th Air Refueling Wing,www.916arw.afrc.af.mil
Air Force,919th Special Operations Wing,www.919sow.afrc.af.mil
Air Force,920th Rescue Wing,www.920rqw.afrc.af.mil
Air Force,926th Wing,www.926wing.afrc.af.mil
Air Force,927th Air Refueling Wing,www.927arw.afrc.af.mil
Air Force,931st Air Refueling Wing,www.931arw.afrc.af.mil/
Air Force,932nd Airlift Wing,www.932aw.afrc.af.mil
Air Force,940th Air Refueling Wing,www.940arw.afrc.af.mil
Air Force,943rd Rescue Group,www.943rqg.afrc.af.mil
Air Force,944th Fighter Wing,www.944fw.afrc.af.mil
Air Force,960th Cyberspace Operations Group,www.960cyber.afrc.af.mil
Air Force,AFH1 and Enlisted Promotion Study Guides,www.studyguides.af.mil
Air Force,AFWERX,www.afwerx.af.mil
Air Force,Air Combat Command,www.acc.af.mil
Air Force,Air Education and Training Command,www.aetc.af.mil
Air Force,Air Force Acquisition,http://ww3.safaq.hq.af.mil
Air Force,Air Force Agency for Modeling and Simulation,www.afams.af.mil
Air Force,Air Force Alternative Dispute Resolution Program,www.adr.af.mil
Air Force,Air Force Audit Agency,www.afaa.af.mil
Air Force,Air Force Bands (all),www.music.af.mil
Air Force,Air Force Basic Military Training,www.basictraining.af.mil
Air Force,Air Force Business Enterprise Systems,www.airforcebes.af.mil
Air Force,Air Force Center of Excellence for Medical Multimedia,www.cemm.af.mil
Air Force,Air Force Chief Modeling and Simulation Office,www.modsim.af.mil
Air Force,Air Force Civil Engineer Center,www.afcec.af.mil
Air Force,Air Force Declassification,www.secretsdeclassified.af.mil
Air Force,Air Force District of Washington,www.afdw.af.mil
Air Force,Air Force Entertainment Liaison Office,www.airforcehollywood.af.mil
Air Force,Air Force e-Publishing,www.e-publishing.af.mil
Air Force,Air Force Financial Management & Comptroller,www.saffm.hq.af.mil
Air Force,Air Force Freedom of Information Act,www.foia.af.mil
Air Force,Air Force General Counsel,www.safgc.hq.af.mil
Air Force,Air Force Global Strike Command,www.afgsc.af.mil
Air Force,Air Force Historical Research Agency,www.afhra.af.mil
Air Force,Air Force Historical Studies Office,www.afhistory.af.mil
Air Force,Air Force History and Museums,www.afhistoryandmuseums.af.mil/
Air Force,Air Force Housing,www.housing.af.mil
Air Force,Air Force Installation and Mission Support Center,www.afimsc.af.mil
Air Force,Air Force International Affairs,www.safia.hq.af.mil
Air Force,Air Force Learning Professionals,www.learningprofessionals.af.mil
Air Force,Air Force Life Cycle Management Center,www.aflcmc.af.mil
Air Force,Air Force Manpower Analysis Agency,www.afmaa.af.mil
Air Force,Air Force Materiel Command,www.afmc.af.mil
Air Force,Air Force Medical Service,www.airforcemedicine.af.mil
Air Force,Air Force Mortuary Affairs,www.mortuary.af.mil
Air Force,Air Force Network Centric Solutions (NetCents),www.netcents.af.mil
Air Force,Air Force Network Integration Center,http://www.cyberspacecapabilitiescenter.af.mil
Air Force,Air Force Nuclear Weapons Center,www.afnwc.af.mil/
Air Force,Air Force Office of Special Investigations,www.osi.af.mil
Air Force,Air Force OPEN Data Program,www.data.af.mil/
Air Force,Air Force Operational Test and Evaluation Center,www.afotec.af.mil
Air Force,Air Force Outreach,www.afoutreach.af.mil
Air Force,Air Force Personnel Center,www.afpc.af.mil
Air Force,Air Force Privacy Act,www.privacy.af.mil
Air Force,Air Force Public Affairs (Agency),www.publicaffairs.af.mil
Air Force,Air Force Recruiting Service,www.recruiting.af.mil
Air Force,Air Force Research Laboratory,www.afrl.af.mil/
Air Force,Air Force Reserve Command,www.afrc.af.mil
Air Force,Air Force Resilience,www.resilience.af.mil
Air Force,Air Force Retiree Services,www.retirees.af.mil
Air Force,Air Force Safety Center,www.safety.af.mil
Air Force,Air Force Scientific Advisory Board,www.scientificadvisoryboard.af.mil/
Air Force,Air Force Security Forces Center,www.afsfc.af.mil
Air Force,Air Force Small Business Innovation Research and,www.afsbirsttr.af.mil
Air Force,Air Force Small Business Programs,www.airforcesmallbiz.af.mil
Air Force,Air Force Space Command,www.afspc.af.mil
Air Force,Air Force Special Operations Command,www.afsoc.af.mil
Air Force,Air Force Strategic Integration Group,www.afsig.af.mil
Air Force,Air Force Sustainment Center,www.afsc.af.mil
Air Force,Air Force Technology Transfer and Transition Program,www.aft3.af.mil
Air Force,Air Force Test Center,www.aftc.af.mil
Air Force,Air Force Trademark and Licensing Program,www.trademark.af.mil
Air Force,Air Force Warfighting Integration Capability,www.afwic.af.mil
Air Force,Air Force Wounded Warrior,www.woundedwarrior.af.mil
Air Force,Air Mobility Command,www.amc.af.mil
Air Force,Air National Guard,www.ang.af.mil
Air Force,Air National Guard Training and Education Center,www.angtec.ang.af.mil
Air Force,Air Reserve Personnel Center,www.arpc.afrc.af.mil
Air Force,Air University,www.airuniversity.af.mil
Air Force,Airman Magazine,www.airmanmagazine.af.mil
Air Force,Alpena Combat Readiness Training Center,www.alpenacrtc.ang.af.mil
Air Force,Altus Air Force Base,www.altus.af.mil
Air Force,Andersen Air Force Base,www.andersen.af.mil
Air Force,ANG AFRC Command Test Center,www.aatc.ang.af.mil
Air Force,Arnold Air Force Base,www.arnold.af.mil
Air Force,Aviano Air Base,www.aviano.af.mil
Air Force,Barksdale Air Force Base,www.barksdale.af.mil
Air Force,Be Ready,www.beready.af.mil
Air Force,Beale Air Force Base,www.beale.af.mil
Air Force,Cannon Air Force Base,www.cannon.af.mil
Air Force,Center for Excellence in Medical Multimedia (CEMM),www.cemm.af.mil/
Air Force,Citizen Airman Magazine,www.citamn.afrc.af.mil
Air Force,Columbus Air Force Base,www.columbus.af.mil
Air Force,Creech Air Force Base,www.creech.af.mil
Air Force,DAF AI Accelerator,www.aiaccelerator.af.mil/
Air Force,Davis-Monthan Air Force Base,www.dm.af.mil
Air Force,Defense Institute for Medical Operations,www.dimo.af.mil
Air Force,Dobbins Air Reserve Base,www.dobbins.afrc.af.mil
Air Force,Dover Air Force Base,www.dover.af.mil
Air Force,Dyess Air Force Base,www.dyess.af.mil
Air Force,Eastern Air Defense Sector,www.eads.ang.af.mil
Air Force,Edwards Air Force Base,www.edwards.af.mil/
Air Force,Eglin Air Force Base,www.eglin.af.mil
Air Force,Eielson Air Force Base,www.eielson.af.mil
Air Force,Ellsworth Air Force Base,www.ellsworth.af.mil
Air Force,F.E. Warren Air Force Base,www.warren.af.mil
Air Force,Fairchild Air Force Base,www.fairchild.af.mil
Air Force,Goodfellow Air Force Base,www.goodfellow.af.mil
Air Force,GoSere,www.gosere.af.mil
Air Force,Grand Forks Air Force Base,www.grandforks.af.mil
Air Force,Grissom Air Reserve Base,www.grissom.afrc.af.mil
Air Force,Hanscom Air Force Base,www.hanscom.af.mil
Air Force,Headquarters RIO,www.hqrio.afrc.af.mil
Air Force,Hill Air Force Base,www.hill.af.mil
Air Force,Holloman Air Force Base,www.holloman.af.mil
Air Force,Homestead Air Reserve Base,www.homestead.afrc.af.mil
Air Force,Hurlburt Field,www.hurlburt.af.mil
Air Force,Incirlik Air Base,www.incirlik.af.mil
Air Force,"Installations, Environment & Logistics",www.safie.hq.af.mil
Air Force,JAG Reporter,www.jagreporter.af.mil
Air Force,Joint Base Andrews,www.jba.af.mil
Air Force,Joint Base Charleston,www.jbcharleston.jb.mil
Air Force,Joint Base Elmendorf-Richardson,www.jber.af.mil
Air Force,Joint Base Langley-Eustis,www.jble.af.mil
Air Force,Joint Base McGuire-Dix-Lakehurst,www.jbmdl.jb.mil/
Air Force,Joint Base San Antonio,www.jbsa.mil
Air Force,Kadena Air Base,www.kadena.af.mil
Air Force,Keesler Air Force Base,www.keesler.af.mil
Air Force,Kirtland Air Force Base,www.kirtland.af.mil
Air Force,Kunsan Air Base,www.kunsan.af.mil
Air Force,Laughlin Air Force Base,www.laughlin.af.mil
Air Force,Little Rock Air Force Base,www.littlerock.af.mil
Air Force,Luke Air Force Base,www.luke.af.mil
Air Force,MacDill Air Force Base,www.macdill.af.mil
Air Force,Malmstrom Air Force Base,www.malmstrom.af.mil
Air Force,March Air Reserve Base,www.march.afrc.af.mil
Air Force,Maxwell Air Force Base,www.maxwell.af.mil
Air Force,McConnell Air Force Base,www.mcconnell.af.mil
Air Force,Military Auxiliary Radio System,www.mars.af.mil
Air Force,Minneapolis-St Paul Air Reserve Station,www.minneapolis.afrc.af.mil
Air Force,Minot Air Force Base,www.minot.af.mil
Air Force,Misawa Air Base,www.misawa.af.mil
Air Force,Mississippi Combat Readiness Center,www.gulfportcrtc.ang.af.mil
Air Force,Moody Air Force Base,www.moody.af.mil
Air Force,Mountain Home Air Force Base,www.mountainhome.af.mil
Air Force,National Air and Space Intelligence Center,www.nasic.af.mil
Air Force,National Aviation Intelligence Integration Office - NAI2O,AirDomainIntelligence.gov
Air Force,National Aviation Intelligence Integration Office (NAI20),www.airdomainintelligence.mil/
Air Force,National Museum of the United States Air Force,www.nationalmuseum.af.mil
Air Force,Nellis Air Force Base,www.nellis.af.mil
Air Force,New Jersey Air National Guard,www.njang.ang.af.mil
Air Force,Niagara Falls Air Reserve Station,www.niagara.afrc.af.mil
Air Force,Offutt Air Force Base,www.offutt.af.mil
Air Force,Osan Air Base,www.osan.af.mil
Air Force,Pacific Air Forces,www.pacaf.af.mil
Air Force,Pittsburgh IAP Air Reserve Station,www.pittsburgh.afrc.af.mil
Air Force,Pope Field,www.pope.af.mil
Air Force,Profession of Arms Center of Expertise,www.airman.af.mil
Air Force,Ramstein Air Base,www.ramstein.af.mil
Air Force,Robins Air Force Base,www.robins.af.mil
Air Force,Royal Air Force Lakenheath,www.lakenheath.af.mil
Air Force,Royal Air Force Mildenhall,www.mildenhall.af.mil
Air Force,SAF/CIO A6 Information Dominance and CIO,www.safcn.af.mil/
Air Force,Scott Air Force Base,www.scott.af.mil
Air Force,Secretary of the Air Force Inspector General (SAF/IG),www.afinspectorgeneral.af.mil
Air Force,Seymour Johnson Air Force Base,www.seymourjohnson.af.mil
Air Force,Shaw Air Force Base,www.shaw.af.mil
Air Force,Sheppard Air Force Base,www.sheppard.af.mil
Air Force,Space Acquisition and Integration,www.safsq.hq.af.mil
Air Force,Spangdahlem Air Base,www.spangdahlem.af.mil
Air Force,Special Warfare Training Wing,www.specialwarfaretw.af.mil
Air Force,Team McChord,www.mcchord.af.mil
Air Force,Tesseract AF (HAF/A4L),www.tesseract.af.mil
Air Force,The Judge Advocate General's Corps,www.afjag.af.mil
Air Force,The Official Website for the U.S. Air Force,www.af.mil
Air Force,Tinker Air Force Base,www.tinker.af.mil
Air Force,Torch Magazine,www.torch.aetc.af.mil
Air Force,Travis Air Force Base,www.travis.af.mil
Air Force,Tyndall Air Force Base,www.tyndall.af.mil
Air Force,U.S. Air Force Basic Military Training Flight Photos,www.bmtflightphotos.af.mil
Air Force,U.S. Air Force Doctrine,www.doctrine.af.mil
Air Force,U.S. Air Force Expeditionary Center,www.expeditionarycenter.af.mil
Air Force,U.S. Air Forces Central Command,www.afcent.af.mil
Air Force,U.S. Air Forces in Europe,www.usafe.af.mil
Air Force,U.S. Space Force,www.spaceforce.mil/
Air Force,United States Air Force Academy,www.usafa.af.mil
Air Force,United States Air Force Honor Guard,www.honorguard.af.mil
Air Force,Vance Air Force Base,www.vance.af.mil
Air Force,Veterans In Blue,www.veterans-in-blue.af.mil
Air Force,Volk Field,www.volkfield.ang.af.mil
Air Force,"Wavelength Detachment 1, 850th Spectrum Warfare Group",www.wavelength.af.mil
Air Force,Western Air Force Defense Sector,www.wads.ang.af.mil
Air Force,Westover Air Reserve Base,www.westover.afrc.af.mil
Air Force,Whiteman Air Force Base,www.whiteman.af.mil
Air Force,Wright-Patterson Air Force Base,www.wpafb.af.mil
Air Force,Yokota Air Base,www.yokota.af.mil
Air Force,Youngstown Air Reserve Station,www.youngstown.afrc.af.mil
Army,11th Airborne Division,11thairbornedivision.army.mil
Army,1st Theater Sustainment Command,www.1tsc.army.mil
Army,20th CBRNE,www.20cbrne.army.mil
Army,2nd Infantry Division (2ID) - Korea,www.2id.korea.army.mil
Army,41st Field Artillery Brigade,www.41fab.army.mil
Army,55th Combat Camera,www.55comcam.army.mil
Army,75th Innovations Command,innovation.army.mil
Army,AMEDD Virtual Library,medlinet.amedd.army.mil/
Army,Army Asymmetric Warfare Group,www.awg.army.mil
Army,Army Cyber Command,www.arcyber.army.mil
Army,Army Cyber Institute,cyber.army.mil/
Army,Army Europe,www.europeafrica.army.mil/
Army,Army Europe 10th Air & Missile Defense,http://www.10thaamdc.army.mil
Army,Army Europe 12th Combat Aviation Brigade,www.12cab.army.mil
Army,Army Europe 173rd Infantry Brigade Combat Team,www.skysoldiers.army.mil/
Army,Army Europe 19th Battlefield Coordination Detachment,www.19bcd.army.mil
Army,Army Europe 21st Theater Sustainment Command,www.21tsc.army.mil
Army,Army Europe 2nd Cavalry Regiment,www.2cr.army.mil
Army,Army Europe 2nd Theater Signal Brigade,www.2sigbde.army.mil
Army,Army Europe 405th Army Field Support Brigade,www.afsbeurope.army.mil
Army,Army Europe 409th Contracting Support Brigade,www.409csb.army.mil
Army,Army Europe 41st Field Artillery Brigade,www.41fab.army.mil
Army,Army Europe 7th Army Training Comand,www.7atc.army.mil
Army,Army Europe Band & Chorus,www.band.eur.army.mil
Army,Army Financial Management and Comptroller,www.asafm.army.mil
Army,Army Flight Operations Detachment,www.afod.eur.army.mil
Army,Army IG,ig.army.mil
Army,Army in Europe Library and Publishing,www.aepubs.eur.army.mil
Army,Army Material Command,www.amc.army.mil
Army,Army Medical Logistics Command,www.amlc.army.mil
Army,Army Medical Research Directorate-Georgia,mrdg.health.mil
Army,Army North Atlantic Regional Medical Command,www.nrmc.amedd.army.mil
Army,Army Pacific,www.usarpac.army.mil/
Army,Army Recovery Care Program,www.arcp.army.mil/
Army,Army Recruiting Command,recruiting.army.mil
Army,Army Science Board,asb.army.mil
Army,Army Sustainment Command,www.aschq.army.mil
Army,Army University Press,www.armyupress.army.mil
Army,ASC - U.S. Army Petroleum Center (USAPC),usapc.army.mil/
Army,ASC Packaging Storage and Containerization Center,www.pscc.army.mil
Army,Barquist Army Health Clinic,bahc.nrmc.amedd.army.mil
Army,Corpus Christi Army Depot,www.ccad.army.mil
Army,Cyber Defense Review,http://cyberdefensereview.army.mil
Army,Davison Army Airfield (DAAF),daaf-wx.army.mil
Army,First Army,www.first.army.mil/
Army,John F. Kennedy Special Warfare Center and School,www.swcs.mil
Army,Joint Base Lewis McChord Design Standards,www.jblmdesignstandards.army.mil
Army,Joint Program Executive Office for Armaments & Ammunition (JPEO AA),jpeoaa.army.mil/
Army,"Joint Program Executive Office for Chemical, Biological, Radiological and Nuclear Defense (JPEO)",www.jpeocbrnd.osd.mil
Army,Kirk U.S. Army Medical Health Clinic,kirk.tricare.mil/
Army,Letterkenny Army Depot,www.letterkenny.army.mil
Army,NCO Leadership Center of Excellence,www.ncolcoe.army.mil
Army,NCO World Campus,www.ncoworldwide.army.mil
Army,Office of the Deputy Assistant Secretary of the Army for Defense Exports and Cooperation,www.dasadec.army.mil/
Army,Program Executive Office Soldier,www.peosoldier.army.mil
Army,PS Magazine,www.psmagazine.army.mil/
Army,Public Health Command - Pacific,phcp.health.mil
Army,Regional Health Command Europe,mrc-europe.army.mil
Army,Rocky Mountain Arsenal,www.rma.army.mil
Army,Special Operations Recruiting Battalion SORB(A),www.goarmysof.army.mil
Army,Strength Maintenance Training Center,smtc.dodlive.mil
Army,Tobyhanna Army Depot,www.tobyhanna.army.mil
Army,U.S. Army Aviation and Missile Command,www.amcom.army.mil
Army,U.S. Army Central,www.usarcent.army.mil
Army,U.S. Army Combat Capabilities Development: Aviation and Missile Center,www.avmc.army.mil
Army,U.S. Army Financial Management Command,www.usafmcom.army.mil
Army,U.S. Army Japan,www.usarj.army.mil/
Army,U.S. ARMY MEDICAL DIRECTORATE - ARMED FORCES RESEARCH INSTITUTE of MEDICAL SCIENCES (USAMD-AFRIMS),afrims.health.mil/
Army,U.S. Army Nato,www.usanato.army.mil
Army,U.S. Army North,www.arnorth.army.mil
Army,U.S. Army Office of Business Transformation,www.obtportal.army.mil/
Army,U.S. Army Petroleum,usapc.army.mil
Army,U.S. Army Reserve,www.usar.army.mil/
Army,U.S. Army Reserve Strategic Communication/Warrior Citizen),www.armyreservewarriorcitizen.mil
Army,U.S. Army South,www.arsouth.army.mil
Army,U.S. Army Space and Missile Defense Command,www.smdc.army.mil
Army,U.S. Army Sustainment Command/PS Magazine,www.psmagazine.army.mil
Army,U.S. Military Entrance Processing Command,www.mepcom.army.mil
Army,Walter Reed Army Institute of Research (WRAIR),www.wrair.army.mil/
Army Corps of Engineers,Alaska District,www.poa.usace.army.mil/
Army Corps of Engineers,Albuquerque District,www.spa.usace.army.mil/
Army Corps of Engineers,Army Geospatial Center,www.agc.army.mil/
Army Corps of Engineers,Baltimore District,www.nab.usace.army.mil/
Army Corps of Engineers,Buffalo District,www.lrb.usace.army.mil/
Army Corps of Engineers,Charleston District,www.sac.usace.army.mil/
Army Corps of Engineers,Chicago District,www.lrc.usace.army.mil/
Army Corps of Engineers,Detroit District,www.lre.usace.army.mil/
Army Corps of Engineers,ERDC,www.erdc.usace.army.mil/
Army Corps of Engineers,Europe District,www.nau.usace.army.mil
Army Corps of Engineers,Far East District,www.pof.usace.army.mil/
Army Corps of Engineers,Fort Worth District,www.swf.usace.army.mil/
Army Corps of Engineers,Galveston District,www.swg.usace.army.mil/
Army Corps of Engineers,Great Lakes/Ohio River Division,www.lrd.usace.army.mil/
Army Corps of Engineers,Headquarters,www.usace.army.mil/
Army Corps of Engineers,Honolulu District,www.poh.usace.army.mil/
Army Corps of Engineers,Huntington District,www.lrh.usace.army.mil/
Army Corps of Engineers,Institute for Water Resources,www.iwr.usace.army.mil/
Army Corps of Engineers,"Institute for Water Resources, Risk Management Center",www.rmc.usace.army.mil
Army Corps of Engineers,Jacksonville District,www.saj.usace.army.mil/
Army Corps of Engineers,Japan Engineer District,www.poj.usace.army.mil/
Army Corps of Engineers,Kansas City District,www.nwk.usace.army.mil/
Army Corps of Engineers,Little Rock District,www.swl.usace.army.mil/
Army Corps of Engineers,Los Angeles District,www.spl.usace.army.mil/
Army Corps of Engineers,Louisville District,www.lrl.usace.army.mil/
Army Corps of Engineers,Memphis District,www.mvm.usace.army.mil/
Army Corps of Engineers,Middle East District,www.tam.usace.army.mil
Army Corps of Engineers,Mississippi Valley Division,www.mvd.usace.army.mil/
Army Corps of Engineers,Mobile District,www.sam.usace.army.mil/
Army Corps of Engineers,Nashville District,www.lrn.usace.army.mil/
Army Corps of Engineers,New England District,www.nae.usace.army.mil/
Army Corps of Engineers,New Orleans District,www.mvn.usace.army.mil/
Army Corps of Engineers,New York District,www.nan.usace.army.mil/
Army Corps of Engineers,Norfolk District,www.nao.usace.army.mil/
Army Corps of Engineers,North Atlantic Division,www.nad.usace.army.mil/
Army Corps of Engineers,Northwestern Division,www.nwd.usace.army.mil/
Army Corps of Engineers,Omaha District,www.nwo.usace.army.mil/
Army Corps of Engineers,Pacific Ocean Division,www.pod.usace.army.mil/
Army Corps of Engineers,Philadelphia District,www.nap.usace.army.mil/
Army Corps of Engineers,Pittsburgh District,www.lrp.usace.army.mil/
Army Corps of Engineers,Portland District,www.nwp.usace.army.mil/
Army Corps of Engineers,Rock Island District,www.mvr.usace.army.mil/
Army Corps of Engineers,Sacramento District,www.spk.usace.army.mil/
Army Corps of Engineers,San Francisco District,www.spn.usace.army.mil/
Army Corps of Engineers,Savannah District,www.sas.usace.army.mil/
Army Corps of Engineers,Seattle District,www.nws.usace.army.mil/
Army Corps of Engineers,South Atlantic Division,www.sad.usace.army.mil/
Army Corps of Engineers,South Pacific Division,www.spd.usace.army.mil/
Army Corps of Engineers,Southwestern Division,www.swd.usace.army.mil/
Army Corps of Engineers,St. Louis District,www.mvs.usace.army.mil/
Army Corps of Engineers,St. Paul District,www.mvp.usace.army.mil/
Army Corps of Engineers,Transatlantic Division,www.tad.usace.army.mil
Army Corps of Engineers,Tulsa District,www.swt.usace.army.mil/
Army Corps of Engineers,"U.S. Army Engineering and Support Center, Huntsville",www.hnc.usace.army.mil/
Army Corps of Engineers,USACE Publications,www.publications.usace.army.mil/
Army Corps of Engineers,Vicksburg District,www.mvk.usace.army.mil/
Army Corps of Engineers,Walla Walla District,www.nww.usace.army.mil/
Army Corps of Engineers,Wilmington District,www.saw.usace.army.mil/
Marine Corps,10th Marine Regiment, www.10thmarines.marines.mil
Marine Corps,11th Marine Expeditionary Unit, www.11thmeu.marines.mil
Marine Corps,12th Marine Corps District,www.12thmcd.marines.mil/
Marine Corps,13th Marine Expeditionary Unit,www.13thmeu.marines.mil
Marine Corps,15th Marine Expeditionary Unit,www.15thmeu.marines.mil
Marine Corps,1st Marine Aircraft Wing,www.1stmaw.marines.mil
Marine Corps,1st Marine Corps District,www.1stmcd.marines.mil/
Marine Corps,1st Marine Division, www.1stmardiv.marines.mil
Marine Corps,1st Marine Logistics Group,www.1stmlg.marines.mil
Marine Corps,22nd Marine Expeditionary Unit,www.22ndmeu.marines.mil
Marine Corps,26th Marine Expeditionary Unit,www.26thmeu.marines.mil
Marine Corps,2nd Marine Aircraft Wing,www.2ndmaw.marines.mil
Marine Corps,2nd Marine Division,www.2ndmardiv.marines.mil
Marine Corps,2nd Marine Expeditionary Brigade,www.2ndmeb.marines.mil
Marine Corps,2nd Marine Logistics Group,www.2ndmlg.marines.mil
Marine Corps,2nd Marine Regiment,www.2ndmarines.marines.mil
Marine Corps,31st Marine Expeditionary Unit,www.31stmeu.marines.mil
Marine Corps,3rd Marine Aircraft Wing,www.3rdmaw.marines.mil
Marine Corps,3rd Marine Division,www.3rdmardiv.marines.mil
Marine Corps,3rd Marine Expeditionary Brigade,www.3rdmeb.marines.mil
Marine Corps,3rd Marine Logistics Group,www.3rdmlg.marines.mil
Marine Corps,4th Marine Corps District,www.4thmcd.marines.mil/
Marine Corps,"5th Marine Expeditionary Brigade (Command Element, Marine Forces Central Command (Forward) )'",www.tf515.marines.mil/
Marine Corps,6th Marine Corps District,www.6thmcd.marines.mil
Marine Corps,6th Marine Regiment,www.6thmarines.marines.mil
Marine Corps,8th Marine Corps District,www.8thmcd.marines.mil/
Marine Corps,8th Marine Regiment,www.8thmarines.marines.mil
Marine Corps,9th Marine Corps District,http://www.9thmcd.marines.mil
Marine Corps,Administration and Resource Management,www.ar.marines.mil/
Marine Corps,Assistant Commandant of the Marine Corps,www.acmc.marines.mil/
Marine Corps,Chemical Biological Incident Response Force,www.cbirf.marines.mil
Marine Corps,Combined Arms Training Center Camp Fuji,www.fuji.marines.mil
Marine Corps,Commandant of the Marine Corps,www.cmc.marines.mil/
Marine Corps,Communication Directorate,www.cd.marines.mil/
Marine Corps,Community of Interest,www.marforres.marines.mil/Major-Subordinate-Commands/Force-Headquarters-Group/Deployment-Processing-Cmd-Reserve-Suppt-Unit-East/
Marine Corps,Deployment Processing Command-East,www.hqmc.marines.mil/dmcs
Marine Corps,Director of the Marine Corps Staff,www.cd.marines.mil/
Marine Corps,Expeditionary Energy Office,www.hqmc.marines.mil/e2o/
Marine Corps,Field Medical Training Battalion-East,www.trngcmd.marines.mil/Units/South-Atlantic/FMTB-E/
Marine Corps,Field Medical Training Battalion-West,www.trngcmd.marines.mil/Units/West/FMTB-W/
Marine Corps,Headquarters Marine Corps,www.hqmc.marines.mil
Marine Corps,HUMAN RESOURCES AND ORGANIZATIONAL MANAGEMENT BRANCH (ARH),www.hrom.marines.mil/
Marine Corps,I Marine Expeditionary Force,www.imef.marines.mil/
Marine Corps,II Marine Expeditionary Force,www.iimef.marines.mil/
Marine Corps,III Marine Expeditionary Force,www.iiimef.marines.mil/
Marine Corps,Inspector General of the Marine Corps,www.igmc.marines.mil/
Marine Corps,Installations and Logistics,www.iandl.marines.mil/
Marine Corps,Intelligence,www.hqmc.marines.mil/intelligence
Marine Corps,Law Enforcement,www.lawenforcement.marines.mil/
Marine Corps,Marine Air Control Group 28,www.macg28.marines.mil/
Marine Corps,Marine Aircraft Group 14,http://www.mag14.marines.mil/
Marine Corps,Marine Aircraft Group 26,www.mag26.marines.mil/
Marine Corps,Marine Aircraft Group 29,http://www.mag29.marines.mil/
Marine Corps,Marine Aircraft Group 31,www.mag31.marines.mil/
Marine Corps,Marine Aviation,www.aviation.marines.mil/
Marine Corps,Marine Barracks,www.barracks.marines.mil/
Marine Corps,Marine Corps Air Facility Quantico,www.quantico.marines.mil/mcaf
Marine Corps,Marine Corps Air Ground Combat Center Twenty-nine Palms,www.29palms.marines.mil/
Marine Corps,Marine Corps Air Station Beaufort,www.beaufort.marines.mil/
Marine Corps,Marine Corps Air Station Camp Pendleton,https//www.mcaspendleton.marines.mil/
Marine Corps,Marine Corps Air Station Cherry Point,www.cherrypoint.marines.mil/
Marine Corps,Marine Corps Air Station Futenma,www.mcasfutenma.marines.mil/
Marine Corps,Marine Corps Air Station Iwakuni,www.mcasiwakuni.marines.mil/
Marine Corps,Marine Corps Air Station Iwakuni-Japanese,www.mcasiwakunijp.marines.mil/
Marine Corps,Marine Corps Air Station Miramar,www.miramar.marines.mil/
Marine Corps,Marine Corps Air Station Miramar-EMS,www.miramar-ems.marines.mil/
Marine Corps,Marine Corps Air Station New River,https//www.newriver.marines.mil/
Marine Corps,Marine Corps Air Station Yuma,www.mcasyuma.marines.mil/
Marine Corps,Marine Corps Base Camp Blaz,www.mcbblaz.marines.mil/
Marine Corps,Marine Corps Base Camp Butler,www.mcbbutler.marines.mil/
Marine Corps,Marine Corps Base Camp Lejeune,www.lejeune.marines.mil/
Marine Corps,Marine Corps Base Camp Pendleton,www.pendleton.marines.mil/
Marine Corps,Marine Corps Base Hawaii,www.mcbhawaii.marines.mil/
Marine Corps,Marine Corps Base Quantico,www.quantico.marines.mil/
Marine Corps,Marine Corps Blount Island Command,www.bic.marines.mil/
Marine Corps,Marine Corps Combat Development Command,www.cdi.marines.mil/
Marine Corps,Marine Corps Combat Service Support School,www.trngcmd.marines.mil/Units/South-Atlantic/MCCSSS/
Marine Corps,Marine Corps Defense Services Organization,www.hqmc.marines.mil/dso
Marine Corps,Marine Corps Engineer School,www.trngcmd.marines.mil/Units/South-Atlantic/MCES/
Marine Corps,Marine Corps Forces Central Command,www.marcent.marines.mil/
Marine Corps,Marine Corps Forces Europe/Africa,www.marforeur.marines.mil/
Marine Corps,Marine Corps Forces Reserves,www.marforres.marines.mil/
Marine Corps,Marine Corps Forces South,www.marforsouth.marines.mil/
Marine Corps,Marine Corps Forces Special Operations Command,www.marsoc.marines.mil/
Marine Corps,Marine Corps Helicopter Squadron One,www.hqmc.marines.mil/hmx-1
Marine Corps,"Marine Corps Installations Command, MCICOM",www.mcicom.marines.mil/
Marine Corps,Marine Corps Installations East,www.mcieast.marines.mil/
Marine Corps,Marine Corps Installations Pacific,www.mcipac.marines.mil/
Marine Corps,Marine Corps Installations Pacific (MCIPAC) Communication Strategy and Operations Official Japanese Website,www.japan.marines.mil/
Marine Corps,Marine Corps Installations West,www.mciwest.marines.mil/
Marine Corps,Marine Corps Junior ROTC Training and Education Command,www.mcjrotc.marines.mil/
Marine Corps,Marine Corps Logistics Base Albany,www.albany.marines.mil/
Marine Corps,Marine Corps Logistics Base Barstow,www.mclbbarstow.marines.mil/
Marine Corps,Marine Corps Logistics Command,www.logcom.marines.mil/
Marine Corps,Marine Corps Mountain Warfare Training Center,www.29palms.marines.mil/mcmwtc
Marine Corps,Marine Corps Recruit Depot Parris Island,www.mcrdpi.marines.mil/
Marine Corps,"Marine Corps Recruit Depot, San Diego",www.mcrdsd.marines.mil/
Marine Corps,Marine Corps Recruiting Command,www.mcrc.marines.mil/
Marine Corps,Marine Corps Security Force Regiment,www.mcsfr.marines.mil/
Marine Corps,Marine Corps Support Facility New Orleans,www.mcsf-nola.marines.mil/
Marine Corps,Marine Corps Systems Command,www.marcorsyscom.marines.mil/
Marine Corps,Marine Corps Tactical Systems Support Activity,www.marcorsyscom.marines.mil/mctssa
Marine Corps,Marine Corps Training and Education Command,www.tecom.marines.mil/
Marine Corps,Marine Corps Warfighting Laboratory,www.mcwl.marines.mil/
Marine Corps,Marine Forces Command,www.marforcom.marines.mil/
Marine Corps,Marine Music,www.music.marines.mil/
Marine Corps,"Naval Amphibious Force, TF 51-5th Marine Expeditionary Brigade",www.tf515.marines.mil/
Marine Corps,Okinawa Marines,www.okinawa.marines.mil/
Marine Corps,"Plans, Policies and Operations",www.hqmc.marines.mil/ppo
Marine Corps,Program Executive Officer Land Systems,www.peols.marines.mil
Marine Corps,Programs and Resources,www.hqmc.marines.mil/pandr
Marine Corps,Ready Marine Corps,www.ready.marines.mil/
Marine Corps,Safety,www.safety.marines.mil/
Marine Corps,School of Infantry-East,www.trngcmd.marines.mil/Units/South-Atlantic/SOI-E/
Marine Corps,School of Infantry-West,www.trngcmd.marines.mil/Units/West/SOI-W/
Marine Corps,Sergeant Major of the Marine Corps,www.smmc.marines.mil/
Marine Corps,Staff Judge Advocate,www.hqmc.marines.mil/sja
Marine Corps,The Official United States Marine Corps Public Website,http://www.marines.mil/
Marine Corps,The United States Marine Band,www.marineband.marines.mil/
Marine Corps,The United States Marine Drum & Bugle Corps,www.drumcorps.marines.mil/
Marine Corps,Train the Trainer School,www.trngcmd.marines.mil/Units/South-Atlantic/T3S/
Marine Corps,Training Command,www.trngcmd.marines.mil/
Marine Corps,U.S. Marine Corps Combat Camera,www.comcam.marines.mil/
Marine Corps,U.S. Marine Corps Fitness,www.fitness.marines.mil/
Marine Corps,U.S. Marine Corps Forces Cyberspace Command,www.marforcyber.marines.mil/
Marine Corps,"U.S. Marine Corps Forces, Korea",www.marfork.marines.mil/
Marine Corps,"U.S. Marine Corps Forces, Pacific",www.marforpac.marines.mil/
Marine Corps,U.S. Marine Corps University,www.usmcu.edu/
Marine Corps,Wounded Warrior Regiment,www.woundedwarrior.marines.mil/
Marine Corps,www.24thmeu.marines.mil,www.24thmeu.marines.mil
Navy,All Hands Magazine of the U.S. Navy,allhands.navy.mil
Navy,Amphibious Force 7th Fleet,www.amphib7flt.navy.mil
Navy,Base Realignment and Closure (BRAC) Program Management Office,www.bracpmo.navy.mil/
Navy,BUPERS/Navy Personnel Command,www.mynavyhr.navy.mil
Navy,Bureau of Medicine & Surgery,www.med.navy.mil
Navy,Bureau of Naval Personnel/Navy Personnel Command,www.mynavyhr.navy.mil
Navy,Carrier Air Wing 5 (CVW-5),www.cvw5.navy.mil
Navy,CNIC Fleet and Family Readiness,ffr.cnic.navy.mil
Navy,Command Carrier Strike Group Fifteen,www.ccsg15.navy.mil
Navy,Command Submarine Force Pacific Fleet,www.csp.navy.mil
Navy,"Commandant, Naval District Washington",ndw.cnic.navy.mil
Navy,"Commander Logistics Group, Western Pacific",www.clwp.navy.mil
Navy,Commander U.S. 7th Fleet,www.c7f.navy.mil
Navy,"Commander, Carrier Strike Group 4",www.csg4.usff.navy.mil
Navy,"Commander, Joint Region Marianas",jrm.cnic.navy.mil
Navy,"Commander, Naval Information Forces",www.navifor.usff.navy.mil
Navy,"Commander, Naval Meteorology and Oceanography Command",www.cnmoc.usff.navy.mil
Navy,"Commander, Naval Surface Force Atlantic",www.surflant.usff.navy.mil
Navy,"Commander, Naval Surface Force, U.S. Pacific Fleet",www.surfpac.navy.mil
Navy,"Commander, Navy Expeditionary Combat Command",www.necc.usff.navy.mil
Navy,"Commander, Navy Installations Command (CNIC)",www.cnic.navy.mil
Navy,"Commander, Navy Region Europe, Africa, Central",cnreurafcent.cnic.navy.mil
Navy,"Commander, Navy Region Hawaii",cnrh.cnic.navy.mil
Navy,"Commander, Navy Region Mid-Atlantic",cnrma.cnic.navy.mil
Navy,"Commander, Navy Region Northwest",cnrnw.cnic.navy.mil
Navy,"Commander, Navy Region Southeast",cnrse.cnic.navy.mil
Navy,"Commander, Navy Region Southwest",cnrsw.cnic.navy.mil
Navy,"Commander, Navy Region, Japan",cnrj.cnic.navy.mil
Navy,"Commander, Navy Region, Korea",cnrk.cnic.navy.mil
Navy,"Commander, Patrol and Reconnaissance Wing One",www.cprw1.navy.mil
Navy,"Commander, U.S. 2nd Fleet",www.c2f.usff.navy.mil/
Navy,"Commander, U.S. 3rd Fleet",www.c3f.navy.mil
Navy,"Commander, U.S. Pacific Fleet",www.cpf.navy.mil
Navy,Expeditionary Warfare Training Group,www.ewtgpac.navy.mil
Navy,Fleet and Family Support Program,www.ffsp.navy.mil
Navy,Fleet Cyber Command/U.S. Tenth Fleet,www.fcc.navy.mil
Navy,Fleet Readiness Center South East (FRCSE),frcse.navair.navy.mil
Navy,Fleet Readiness Center Southwest,frcsw.navair.navy.mil
Navy,LCPO for U.S. Naval Forces Europe-Africa/U.S. 6th Fleet,www.c6f.navy.mil
Navy,National Maritime Intelligence Office,http://nmio.ise.gov
Navy,Naval Air Force U.S. Atlantic Fleet,www.airlant.usff.navy.mil
Navy,"Naval Air Force, U.S. Pacific Fleet",www.airpac.navy.mil
Navy,Naval Aviation News,navalaviationnews.navylive.dodlive.mil/
Navy,Naval Criminal Investigative Service (NCIS),www.ncis.navy.mil
Navy,Naval Education and Training Command,www.netc.navy.mil
Navy,Naval Facilities Engineering Systems Command - Atlantic,atlantic.navfac.navy.mil
Navy,Naval Facilities Engineering Systems Command - Engineering and Expeditionary Warfare Center,exwc.navfac.navy.mil
Navy,Naval Facilities Engineering Systems Command - Navy Crane Center,ncc.navfac.navy.mil
Navy,Naval Facilities Engineering Systems Command - Pacific,pacific.navfac.navy.mil
Navy,Naval Facilities Engineering Systems Command (NAVFAC),www.navfac.navy.mil/
Navy,Naval Safety Center,navalsafetycenter.navy.mil
Navy,NAVAL Sea Systems Command,www.navsea.navy.mil
Navy,Naval Special Warfare Command,www.nsw.navy.mil
Navy,Naval Supply Corps Newsletter,scnewsltr.dodlive.mil
Navy,Naval Supply Systems Command,www.navsup.navy.mil/
Navy,Navy Education and Training Command (NETC),www.netc.navy.mil
Navy,"Navy Education and Training Command (NETC), Bootcamp",www.bootcamp.navy.mil/
Navy,Navy JAG,jag.navylive.dodlive.mil
Navy,Navy Office of Community Outreach,outreach.navy.mil
Navy,Navy Recruiting Command,http://www.cnrc.navy.mil/
Navy,Navy Reserve Forces Command (RESFOR),www.navyreserve.navy.mil
Navy,Navy Warfare Development Command,www.nwdc.usff.navy.mil
Navy,Office of Naval Intelligence,www.oni.navy.mil
Navy,Performance To Plan,p2p.navy.mil
Navy,President Board of Inspection and Survey,www.insurv.usff.navy.mil
Navy,Ready Navy,www.ready.navy.mil
Navy,SeaBee Magazine,seabeemagazine.navylive.dodlive.mil
Navy,"SeaPort (Harnessing Power, Navigating Change",www.seaport.navy.mil
Navy,Submarine Force U.S. Atlantic Fleet,www.sublant.usff.navy.mil
Navy,"Tactical Training Group, Pacific",www.ttgp.navy.mil
Navy,U.S. Fleet Forces,www.usff.navy.mil
Navy,U.S. Military Sealift Command,www.msc.usff.navy.mil
Navy,U.S. National Environment Agency,www.nepa.navy.mil
Navy,U.S. Naval Community College,www.usncc.edu
Navy,U.S. Naval Forces Central Command,www.cusnc.navy.mil
Navy,U.S. Naval Forces Southern Command / U.S. Fourth Fleet,www.fourthfleet.navy.mil
Navy,U.S. Naval Research Laboratory,www.nrl.navy.mil
Navy,"U.S. Naval Ship Repair Facility, Japan Regional Maintenance Center",www.srf.navy.mil
Navy,U.S. Navy,www.navy.mil
Navy,U.S. Navy History Blog,usnhistory.navylive.dodlive.mil
Navy,U.S. Navy Reserve,www.navyreserve.navy.mil
Navy,U.S. Pacific Fleet,www.airpac.navy.mil
Coast Guard,Atlantic Area,www.atlanticarea.uscg.mil
Coast Guard,Deputy Commandant for Mission Support,www.dcms.uscg.mil
Coast Guard,Deputy Commandant for Operations,www.dco.uscg.mil
Coast Guard,Forcecom,www.forcecom.uscg.mil
Coast Guard,History,www.history.uscg.mil
Coast Guard,MyCG,www.mycg.uscg.mil/
Coast Guard,MyCG,www.mycg.uscg.mil
Coast Guard,National Coast Guard Museum,www.ncgm.uscg.mil
Coast Guard,News,www.news.uscg.mil
Coast Guard,Pacific Area,www.pacificarea.uscg.mil
Coast Guard,Reserve,www.reserve.uscg.mil
Coast Guard,United States Coast Guard,www.uscg.mil
National Guard,Alabama National Guard,al.ng.mil/
National Guard,Alaska National Guard,ak.ng.mil
National Guard,Arkansas National Guard,arkansas.nationalguard.mil
National Guard,Army National Guard,www.army.nationalguard.mil
National Guard,Atterbury Muscatatuck,www.atterburymuscatatuck.in.ng.mil
National Guard,Colorado National Guard,co.ng.mil
National Guard,Connecticut National Guard,ct.ng.mil/
National Guard,D.C. National Guard,dc.ng.mil
National Guard,Delaware National Guard,www.de.ng.mil
National Guard,Fort Indiantown Gap,www.ftig.ng.mil
National Guard,Georgia National Guard,ga.ng.mil/
National Guard,Guam National Guard,www.gu.ng.mil
National Guard,Illinois National Guard,www.il.ngb.army.mil
National Guard,Indiana National Guard,www.in.ng.mil
National Guard,Kentucky Guard,ky.ng.mil
National Guard,Maine National Guard,www.me.ngb.army.mil
National Guard,Massachusetts Army National Guard,campedwards.ng.mil
National Guard,Michigan National Guard,minationalguard.dodlive.mil/
National Guard,Missouri National Guard,www.moguard.ngb.mil
National Guard,National Guard,www.nationalguard.mil/
National Guard,National Guard Bureau Publications & Forms Library,www.ngbpmc.ng.mil/
National Guard,New Hampshire National Guard,nh.ng.mil
National Guard,Oklahoma National Guard,ok.ng.mil
National Guard,Pennsylvania National Guard,www.pa.ng.mil
National Guard,Rhode Island National Guard,ri.ng.mil
National Guard,South Carolina National Guard,www.scguard.ng.mil
National Guard,Utah National Guard,ut.ng.mil
National Guard,Vermont National Guard,http://vt.public.ng.mil
National Guard,Vermont National Guard Family Programs,www.ngfamily.vt.gov
National Guard,Virgin Islands National Guard,vi.ng.mil
National Guard,Virginia National Guard,va.ng.mil
National Guard,West Virginia National Guard,www.wv.ng.mil/
Space Force,Buckley Space Force Base,www.buckley.spaceforce.mil/
Space Force,Los Angeles Space Force Base,www.losangeles.spaceforce.mil/
Space Force,Patrick Space Force Base/Space Launch Delta 45,www.patrick.spaceforce.mil/
Space Force,Peterson Space Force Base,www.peterson.spaceforce.mil/
Space Force,Schriever Space Force Base,www.schriever.spaceforce.mil/
Space Force,Space Operations Command (SPOC),www.spoc.spaceforce.mil
Space Force,Space Systems Command,www.ssc.spaceforce.mil
Space Force,Space Training ad Readiness Command (STARCOM),www.starcom.spaceforce.mil
Space Force,United States Space Force,www.spaceforce.mil
Space Force,Vandenberg Space Force Base,www.vandenberg.spaceforce.mil/
Defense Health Agency,10th Medical Group - Air Force Academy,airforceacademy.tricare.mil
Defense Health Agency,11th Medical Squadron - Joint Base Anacostia-Bolling,AnacostiaBolling.tricare.mil
Defense Health Agency,14th Medical Group - Columbus Air Force Base,Columbus.tricare.mil
Defense Health Agency,17th Medical Group - Goodfellow Air Force Base,goodfellow.tricare.mil
Defense Health Agency,18th Medical Group - Kadena Air Base,kadena.tricare.mil
Defense Health Agency,19th Medical Group - Little Rock Air Force Base,littlerock.tricare.mil
Defense Health Agency,1st Special Operations Medical Group - Hurlburt Field,Hurlburt.tricare.mil
Defense Health Agency,20th Medical Group - Shaw Air Force Base,shaw.tricare.mil
Defense Health Agency,21st Medical Group - Peterson Air Force Base,Peterson.tricare.mil
Defense Health Agency,22d Medical Group - McConnell Air Force Base,mcconnell.tricare.mil
Defense Health Agency,23d Medical Group - Moody Air Force Base,moody.tricare.mil
Defense Health Agency,27th Special Operations Medical Group - Cannon Air Force Base,Cannon.tricare.mil
Defense Health Agency,28th Medical Group - Ellsworth Air Force Base,Ellsworth.tricare.mil
Defense Health Agency,2d Medical Group - Barksdale Air Force Base,barksdale.tricare.mil
Defense Health Agency,30th Medical Group - Vandenberg Air Force Base,vandenberg.tricare.mil
Defense Health Agency,316th Medical Group - Joint Base Andrews (Malcom Grow Medical Clinics and Surgery Center),andrews.tricare.mil
Defense Health Agency,319th Medical Group - Grand Forks Air Force Base,grandforks.tricare.mil
Defense Health Agency,31st Medical Group - Aviano Air Base,aviano.tricare.mil
Defense Health Agency,325th Medical Group - Tyndall Air Force Base,tyndall.tricare.mil
Defense Health Agency,341st Medical Group - Malmstrom Air Force Base,malmstrom.tricare.mil
Defense Health Agency,354th Medical Group - Eielson Air Force Base,eielson.tricare.mil
Defense Health Agency,355th Medical Group - Davis-Monthan Air Force Base,DavisMonthan.tricare.mil
Defense Health Agency,35th Medical Group - Misawa Air Base,misawa.tricare.mil
Defense Health Agency,366th Medical Group - Mountain Home Air Force Base,mountainhome.tricare.mil
Defense Health Agency,36th Medical Group - Andersen Air Force Base,andersen.tricare.mil
Defense Health Agency,374th Medical Group - Yokota Air Base,yokota.tricare.mil
Defense Health Agency,375th Medical Group - Scott Air Force Base,Scott.tricare.mil
Defense Health Agency,377th Medical Group - Kirtland Air Force Base,kirtland.tricare.mil
Defense Health Agency,39th Medical Group - Incirlik Air Base,incirlik.tricare.mil
Defense Health Agency,412th Medical Group - Edwards Air Force Base,edwards.tricare.mil
Defense Health Agency,422d Medical Squadron - RAF Croughton,rafcroughton.tricare.mil
Defense Health Agency,423d Medical Squadron - RAF Alconbury,rafalconbury.tricare.mil
Defense Health Agency,42d Medical Group - Maxwell Air Force Base,maxwell.tricare.mil
Defense Health Agency,436th Medical Group - Dover Air Force Base,Dover.tricare.mil
Defense Health Agency,43d Medical Squadron - Pope Field,pope.tricare.mil
Defense Health Agency,45th Medical Group - Patrick Air Force Base,patrick.tricare.mil
Defense Health Agency,460th Medical Group - Buckley Air Force Base,Buckley.tricare.mil
Defense Health Agency,47th Medical Group - Laughlin Air Force Base,laughlin.tricare.mil
Defense Health Agency,48th Medical Group - RAF Lakenheath,raflakenheath.tricare.mil
Defense Health Agency,49th Medical Group - Holloman Air Force Base,Holloman.tricare.mil
Defense Health Agency,4th Medical Group - Seymour Johnson Air Force Base,seymourjohnson.tricare.mil
Defense Health Agency,509th Medical Group - Whiteman Air Force Base,whiteman.tricare.mil
Defense Health Agency,51st Medical Group - Osan Air Base,osan.tricare.mil
Defense Health Agency,52nd Medical Group - Spangdahlem Air Base,spangdahlem.tricare.mil
Defense Health Agency,55th Medical Group - Offutt Air Force Base,offutt.tricare.mil
Defense Health Agency,56th Medical Group - Luke Air Force Base,luke.tricare.mil
Defense Health Agency,59th Medical Wing - JBSA - Wilford Hall Ambulatory Surgical Center,wilfordhall.tricare.mil
Defense Health Agency,5th Medical Group - Minot Air Force Base,minot.tricare.mil
Defense Health Agency,60th Medical Group - Travis Air Force Base,travis.tricare.mil
Defense Health Agency,61st Medical Squadron - Los Angeles Air Force Base,losangeles.tricare.mil
Defense Health Agency,628th Medical Group - Joint Base Charleston,Charleston.tricare.mil
Defense Health Agency,62nd Medical Squadron - Joint Base Lewis-McChord,LewisMcChord.tricare.mil
Defense Health Agency,633d Medical Group - Joint Base Langley-Eustis,LangleyEustis.tricare.mil
Defense Health Agency,66th Medical Squadron - Hanscom Air Force Base,hanscom.tricare.mil
Defense Health Agency,673d Medical Group - Joint Base Elmendorf-Richardson,ElmendorfRichardson.tricare.mil
Defense Health Agency,6th Medical Group - MacDill Air Force Base,macdill.tricare.mil
Defense Health Agency,71st Medical Group - Vance Air Force Base,vance.tricare.mil
Defense Health Agency,72d Medical Group - Tinker Air Force Base,tinker.tricare.mil
Defense Health Agency,75th Medical Group - Hill Air Force Base,hill.tricare.mil
Defense Health Agency,78th Medical Group - Robins Air Force Base,robins.tricare.mil
Defense Health Agency,7th Medical Group - Dyess Air Force Base,Dyess.tricare.mil
Defense Health Agency,81st Medical Group - Keesler Air Force Base,keesler.tricare.mil
Defense Health Agency,82nd Medical Group - Sheppard Air Force Base,sheppard.tricare.mil
Defense Health Agency,86th Medical Group - Ramstein Air Base,ramstein.tricare.mil
Defense Health Agency,87th Medical Group - Joint Base McGuire-Dix-Lakehurst,McGuireDixlakehurst.tricare.mil
Defense Health Agency,88th Medical Group - Wright-Patterson Air Force Base,wrightpatterson.tricare.mil
Defense Health Agency,8th Medical Group - Kunsan Air Base,kunsan.tricare.mil
Defense Health Agency,90th Medical Group - F.E. Warren Air Force Base,fewarren.tricare.mil/
Defense Health Agency,92d Medical Group - Fairchild Air Force Base,Fairchild.tricare.mil
Defense Health Agency,96th Medical Group - Eglin Air Force Base,eglin.tricare.mil
Defense Health Agency,97th Medical Group - Altus Air Force Base,altus.tricare.mil
Defense Health Agency,99th Medical Group - Nellis Air Force Base,nellis.tricare.mil
Defense Health Agency,9th Medical Group - Beale Air Force Base,beale.tricare.mil
Defense Health Agency,ACH Bayne-Jones-Polk,bayne-jones.tricare.mil
Defense Health Agency,ACH Leonard Wood,leonard-wood.tricare.mil
Defense Health Agency,ACH Weed-Irwin,weed-irwin.tricare.mil
Defense Health Agency,ACH-Brian Allgood AHC-Seoul,briandallgood.tricare.mil/
Defense Health Agency,AHC BG Crawford Sams-Camp Zama,bg-crawford.tricare.mil
Defense Health Agency,AHC Guantanamo Bay,guantanamo.tricare.mil
Defense Health Agency,AHC Munson-Leavenworth,munson.tricare.mil
Defense Health Agency,AHC R W Bliss-Huachuca,raymond-bliss.tricare.mil
Defense Health Agency,AHC Reynolds-Sill,reynolds.tricare.mil
Defense Health Agency,AMC Brooke Army Medical Center-FSH,bamc.tricare.mil
Defense Health Agency,AMC Madigan-Lewis,madigan.tricare.mil
Defense Health Agency,AMC William Beaumont-Bliss,william-beaumont.tricare.mil
Defense Health Agency,Andrew Rader Army Health Clinic,rader.tricare.mil/
Defense Health Agency,Army Health Clinic SOUTHCOM,southcomclinic.tricare.mil
Defense Health Agency,Army Medical Center Darnall-Hood,darnall.tricare.mil
Defense Health Agency,Army Medical Center Womack-Bragg,womack.tricare.mil
Defense Health Agency,Barquist Army Health Clinic,barquist.tricare.mil/
Defense Health Agency,Bassett-Wainwright ACH,bassett-wainwright.tricare.mil
Defense Health Agency,Bavaria MEDDAC-Vilseck,mhs-europe.tricare.mil
Defense Health Agency,Blanchfield-Campbell Army Community Hospital,blanchfield.tricare.mil
Defense Health Agency,California Medical Detachment,calmed.tricare.mil
Defense Health Agency,Desmond Doss Health Clinic,desmond-doss.tricare.mil
Defense Health Agency,Duham Army Health Clinic,dunham.tricare.mil
Defense Health Agency,Eisenhower Army Medical Center,eisenhower.tricare.mil
Defense Health Agency,Evans Army Community Hospital,evans.tricare.mil
Defense Health Agency,Fort Belvoir Community Hospital,belvoirhospital.tricare.mil
Defense Health Agency,Fort Drum and Guthrie Ambulatory,guthrie.tricare.mil/
Defense Health Agency,Fox Army Health Center,redstone.tricare.mil
Defense Health Agency,Ireland Army Health Clinic,ireland.tricare.mil
Defense Health Agency,Irwin Army Community Hospital,irwin.tricare.mil
Defense Health Agency,Joint Base Pearl Harbor-Hickman,PearlHarborHickam.tricare.mil
Defense Health Agency,Keller-West Point Army Community Hospital,keller.tricare.mil/
Defense Health Agency,Kenner Army Health Clinic,kenner.tricare.mil
Defense Health Agency,Kimbrough Ambulatory Care Center,kimbrough.tricare.mil
Defense Health Agency,Kirk Army Medical Health Clinic,kirk.tricare.mil/
Defense Health Agency,Landstuhl Regional Medcen,landstuhl.tricare.mil
Defense Health Agency,Lyster Army Health Clinic,lyster.tricare.mil
Defense Health Agency,Martin-Benning Army Community Hospital,martin.tricare.mil
Defense Health Agency,McDonald-Eustis Army Health Center,mcdonald.tricare.mil
Defense Health Agency,Moncrief Army Health Clinic,moncrief.tricare.mil
Defense Health Agency,Naval Health Clinic Annapolis,annapolis.tricare.mil
Defense Health Agency,Naval Health Clinic Charleston,NHC-Charleston.tricare.mil
Defense Health Agency,Naval Health Clinic Cherry Point,cherrypoint.tricare.mil
Defense Health Agency,Naval Health Clinic Corpus Christi,corpuschristi.tricare.mil
Defense Health Agency,Naval Health Clinic Lemoore,lemoore.tricare.mil
Defense Health Agency,Naval Health Clinic New England,newengland.tricare.mil
Defense Health Agency,Naval Hospital Bremerton,bremerton.tricare.mil
Defense Health Agency,Naval Hospital Camp Pendleton,camp-pendleton.tricare.mil
Defense Health Agency,Naval Hospital Guam,guam.tricare.mil
Defense Health Agency,Naval Hospital Jacksonville,jacksonville.tricare.mil
Defense Health Agency,Naval Hospital Naples,naples.tricare.mil
Defense Health Agency,Naval Hospital Sigonella,sigonella.tricare.mil
Defense Health Agency,Naval Hospital Twentynine Palms,twentynine-palms.tricare.mil
Defense Health Agency,Naval Hospital Yokosuka,yokosuka.tricare.mil
Defense Health Agency,Naval Medical Center Camp Lejeune,camp-lejeune.tricare.mil
Defense Health Agency,Naval Medical Center Portsmouth,portsmouth.tricare.mil
Defense Health Agency,Naval Medical Center San Diego,sandiego.tricare.mil
Defense Health Agency,Navy Hospital Pensacola,pensacola.tricare.mil
Defense Health Agency,Navy Medicine Readiness and Training Center Rota,rota.tricare.mil
Defense Health Agency,NBHC NSF Diego Garcia,diegogarcia.tricare.mil
Defense Health Agency,Newsroom,newsroom.tricare.mil
Defense Health Agency,NHC Hawaii,nhchawaii.tricare.mil
Defense Health Agency,NHC Oak Harbor,oakharbor.tricare.mil
Defense Health Agency,NHC Patuxent River,paxriver.tricare.mil
Defense Health Agency,NHC Quantico,quantico.tricare.mil
Defense Health Agency,NMRTC Beaufort,beaufort.tricare.mil
Defense Health Agency,Rodriguez-Buchanan Army Health Clinic,rodriguez.tricare.mil
Defense Health Agency,Tripler Army Medical Center,tripler.tricare.mil
Defense Health Agency,U.S. Naval Hospital Okinawa,okinawa.tricare.mil
Defense Health Agency,Walter Reed Army Institute of Research,wrair.health.mil/
Defense Health Agency,Walter Reed National MILMED CNTR,walterreed.tricare.mil
Defense Health Agency,Winn Army Community Hospital,winn.tricare.mil