Website,Agency,Bureau
myafn.dodlive.mil,DOD,American Forces Network
www.afneurope.net,DOD,American Forces Network Europe
www.afnpacific.net,DOD,American Forces Network Pacific
at.dod.mil,DOD,Anti-Tamper Executive Agent
afd.defense.gov,DOD,Armed Forces Day
armedforcessports.defense.gov,DOD,Armed Forces Sports
la.defense.gov,DOD,ASD Legislative Affairs
basicresearch.defense.gov,DOD,Basic Research | Research Directorate
capstone.ndu.edu,DOD,Capstone
casl.ndu.edu,DOD,Center for Applied Strategic Learning
cco.ndu.edu,DOD,Center for Complex Operations
www.cdse.edu,DOD,Center for Development of Security Excellence (DCSA/CDSE)
cjsl.ndu.edu,DOD,Center for Joint and Strategic Logistics
wmdcenter.ndu.edu,DOD,Center for the Study of Weapons of Mass Destruction
dodcio.defense.gov,DOD,Chief Information Officer
dam.defense.gov,DOD,Chief Management Officer
www.ccpo.mil,DOD,Cloud Computing Program Office
cisa.ndu.edu,DOD,College for International Security Affairs
cic.ndu.edu,DOD,College of Information and Cyberspace
ctip.defense.gov,DOD,Combating Trafficking in Persons
comptroller.defense.gov,DOD,Comptroller
dacowits.defense.gov,DOD,Defense Advisory Committee on Women in the Services
dbb.defense.gov,DOD,Defense Business Board
dcips.defense.gov,DOD,Defense Civilian Intelligence Personnel System
www.dcaa.mil,DOD,Defense Contract Audit Agency
www.dcma.mil,DOD,Defense Contract Management Agency
www.dcsa.mil,DOD,Defense Counterintelligence and Security Agency
www.dss.mil,DOD,Defense Counterintelligence Security Service
www.defenseculture.mil,DOD,Defense Equal Opportunity Management Institute
www.dfas.mil,DOD,Defense Finance Accounting Service
www.dimoc.mil,DOD,Defense Imagery Management Operations Center
www.dinfos.dma.mil,DOD,Defense Information School
innovation.defense.gov,DOD,Defense Innovation Board
www.dia.mil,DOD,Defense Intelligence Agency
www.dla.mil,DOD,Defense Logistics Agency
www.dhra.mil,DOD,Defense Manpower Data Center (DMDC)
www.dma.mil,DOD,Defense Media Activity
doha.ogc.osd.mil,DOD,Defense Office of Hearings and Appeals
www.dpaa.mil,DOD,Defense POW/MIA Accounting Agency
dpcld.defense.gov,DOD,Defense Privacy and Civil Liberties Division
www.dsp.dla.mil,DOD,Defense Standardization Program
www.dspo.mil,DOD,Defense Suicide Prevention Office
www.dtra.mil,DOD,Defense Threat Reduction Agency
www.travel.dod.mil,DOD,Defense Travel Management Office (DTMO)
www.defense.gov,DOD,Department of Defense
www.dc3.mil,DOD,Department of Defense Cyber Crime Center (DC3)
www.dodig.mil,DOD,Department of Defense Inspector General
dodsoco.ogc.osd.mil,DOD,Department of Defense Standards of Conducts Office
oig.dia.mil,DOD,DIA Inspector General
pavilion.dinfos.edu,DOD,DINFOS Pavilion
www.dote.osd.mil,DOD,Director Operational Test and Evaluation (DOTE)
www.cac.mil,DOD,DOD Common Access Card
www.dodmantech.mil,DOD,DOD MANTECH
www.dodnafaccounting.defense.gov,DOD,DOD NAF Accounting
jnlwp.defense.gov,DOD,DOD Non-Lethal Weapons Program
open.defense.gov,DOD,DOD Open Government
www.repi.mil,DOD,DOD Readiness and Environmental Protection Initiative
www.cloud.mil,DOD,Enterprise Cloud
www.esd.whs.mil,DOD,Executive Services Directorate
dodcertpmo.defense.gov,DOD,Human Capital Management Office
irt.defense.gov,DOD,Innovative Readiness Training
inss.ndu.edu,DOD,Institute for National Strategic Studies
ismo.ndu.edu,DOD,International Student Management Office
jamrs.defense.gov,DOD,Joint Advertising Market Research and Studies
www.jecc.mil,DOD,Joint Enabling Capabilities Command
jfsc.ndu.edu,DOD,Joint Forces Staff College
keystone.ndu.edu,DOD,Keystone
www.businessdefense.gov,DOD,Manufacturing and Industrial Base Policy
www.metc.mil,DOD,Medical Education and Training Campus
valor.defense.gov,DOD,Military Awards for Valor
militarypay.defense.gov,DOD,Military Pay
minerva.defense.gov,DOD,Minerva Research Initiative
www.ndu.edu,DOD,National Defense University
ndupress.ndu.edu,DOD,National Defense University Press
www.airdomainintelligence.mil,DOD,National Intelligence Manager for Aviation (NIM-A)
www.nro.gov,DOD,National Reconnaissance Office
www.nsa.gov,DOD,National Security Agency
oig.nsa.gov,DOD,National Security Agency Inspector General
nwc.ndu.edu,DOD,National War College
www.norad.mil,DOD,North American Aerospace Defense Command
dodsioo.defense.gov,DOD,OASD for Intelligence Oversight
diversity.defense.gov,DOD,Office of Diversity Management and Equal Opportunity
opa.defense.gov,DOD,Office of People of Analytics (OPA)
business.defense.gov,DOD,Office of Small Business Programs (Business.Defense)
actuary.defense.gov,DOD,Office of the Actuary
dodmwrandresalepolicy.defense.gov,DOD,Office of the Deputy Assistant Secretary of Defense for Military Community & Family Policy (DoD MWR and Resale Policy)
ogc.osd.mil,DOD,Office of the General Counsel
ousdi.defense.gov,DOD,Office of the Under Secretary of Defense for Intelligence
data.defense.gov,DOD,Open Data
history.defense.gov,DOD,OSD Historical Office
www.dodcui.mil,DOD,OUSD Information and Security Policy
policy.defense.gov,DOD,OUSD Policy
www.pfpa.mil,DOD,Pentagon Force Protection Agency
www.prs.mil,DOD,Periodic Review Secretariat
pinnacle.ndu.edu,DOD,Pinnacle
purview.dodlive.mil,DOD,Purview (was DoDLive)
rwtf.defense.gov,DOD,Recovering Warrior Task Force
rcnsc.ndu.edu,DOD,Reserve Component National Security Course
rfpb.defense.gov,DOD,Reserve Forces Policy Board
www.defensesbirsttr.mil,DOD,Small Business Innovation Research
sfb.dodlive.mil,DOD,State Facility Boards
tasa.dma.mil,DOD,Television-Audio Support Activity
www.test-evaluation.osd.mil,DOD,Test and Evaluation Enterprise
es.ndu.edu,DOD,The Eisenhower School
execsec.defense.gov,DOD,The Executive Secretary
www.dote.osd.mil,DOD,"The Office of the Director, Operational Test and Evaluation"
www.usfj.mil,DOD,U.S. Forces Japan
www.usfk.mil,DOD,U.S. Forces Korea
prhome.defense.gov,DOD,Under Secretary of Defense for Personnel and Readiness
vwac.defense.gov,DOD,Victim and Witness Assistance Council
warriorcare.dodlive.mil,DOD,Warrior Care
www.whs.mil,DOD,Washington Headquarters
www.publicweb.dma.mil,DOD,Web Enterprise Business (Web.mil)
www.whitehousecommsagency.mil,DOD,White House Communications Agency
www.alsa.mil,Joint,Air Land Sea Application Center
www.inherentresolve.mil,Joint,Combined Joint Task Force - Operation Inherent Resolve
www.jbab.jb.mil,Joint,Joint Base Anacostia-Bolling
www.jba.af.mil,Joint,Joint Base Andrews
www.jbcharleston.jb.mil,Joint,Joint Base Charleston
www.jber.jb.mil,Joint,Joint Base Elmendorf-Richardson
www.jble.af.mil,Joint,Joint Base Langley-Eustis
www.jbmdl.jb.mil,Joint,Joint Base McGuire-Dix-Lakehurst
www.jbsa.af.mil,Joint,Joint Base San Antonio
www.jcs.mil,Joint,Joint Chiefs of Staff
www.jcu.mil,Joint,Joint Communications Unit
www.jiatfs.southcom.mil,Joint,Joint Interagency Task Force South
www.jpra.mil,Joint,Joint Personnel Recovery Agency
jsc.defense.gov,Joint,Joint Service Committee on Military Justice
www.jtnc.mil,Joint,Joint Tactical Networking Center
www.jtfcs.northcom.mil,Joint,Joint Task Force Civil Support
www.jtfgtmo.southcom.mil,Joint,Joint Task Force Guantanamo
www.jtfn.northcom.mil,Joint,Joint Task Force North
www.jtfb.southcom.mil,Joint,Joint Task Force-Bravo
www.jtf-spacedefense.mil,Joint,Joint Task Force-Space Defense
www.jwac.mil,Joint,Joint Warfare Analysis Center
www.norad.mil,Joint,North American Aerospace Defense Command (NORAD)
plainsguardian.dodlive.mil,Joint,Plains Guardian
www.centcom.mil,Joint,U.S. Central Command
www.cybercom.mil,Joint,U.S. Cyber Command
www.northcom.mil,Joint,U.S. Northern Command
www.pacom.mil,Joint,U.S. Pacific Command
www.southcom.mil,Joint,U.S. Southern Command
www.spacecom.mil,Joint,U.S. Space Command
www.stratcom.mil,Joint,U.S. Strategic Command
www.unc.mil,Joint,United Forces Command
www.101arw.ang.af.mil,Air Force,101st Air Refueling Wing*
www.102iw.ang.af.mil,Air Force,102nd Intelligence Wing
www.103aw.ang.af.mil,Air Force,103rd Airlift Wing
www.104fw.ang.af.mil,Air Force,104th Fighter Wing
www.105aw.ang.af.mil,Air Force,105th Airlift Wing
www.106rqw.ang.af.mil,Air Force,106th Rescue Wing
www.107attackwing.ang.af.mil,Air Force,107th Attack Wing
www.108thwing.ang.af.mil,Air Force,108th Wing
www.109aw.ang.af.mil,Air Force,109th Airlift Wing
www.10af.afrc.af.mil,Air Force,10th Air Force
www.110atkw.ang.af.mil,Air Force,110th Wing
www.111attackwing.ang.af.mil,Air Force,111th Attack Wing
www.113wg.ang.af.mil,Air Force,113th Wing
www.114fw.ang.af.mil,Air Force,114th Fighter Wing
www.115fw.ang.af.mil,Air Force,115th Fighter Wing
www.116acw.ang.af.mil,Air Force,116th Air Control Wing
www.117arw.ang.af.mil,Air Force,117th Air Refueling Wing
www.118wg.ang.af.mil,Air Force,118th Wing
www.119wg.ang.af.mil,Air Force,119th Wing
www.120thairliftwing.ang.af.mil,Air Force,120th Airlift Wing
www.121arw.ang.af.mil,Air Force,121st Air Refueling Wing
www.122fw.ang.af.mil,Air Force,122nd Fighter Wing
www.123aw.ang.af.mil,Air Force,123rd Airlift Wing
www.124thfighterwing.ang.af.mil,Air Force,124th Fighter Wing
www.125fw.ang.af.mil,Air Force,125th Fighter Wing (was Florida)
www.126arw.ang.af.mil,Air Force,126th Air Refueling Wing
www.127wg.ang.af.mil,Air Force,127th Wing
www.128arw.ang.af.mil,Air Force,128th Air Refueling Wing
www.129rqw.ang.af.mil,Air Force,129th Rescue Wing
www.12af.acc.af.mil,Air Force,12th Air Force
www.12ftw.af.mil,Air Force,12th Flying Training Wing
www.130aw.ang.af.mil,Air Force,130th Airlift Wing
www.131bw.ang.af.mil,Air Force,131st Bomb Wing
www.132dwing.ang.af.mil,Air Force,132nd Wing
www.133aw.ang.af.mil,Air Force,133rd Airlift Wing
www.134arw.ang.af.mil,Air Force,134th Air Refueling Wing
www.136aw.ang.af.mil,Air Force,136th Airlift Wing
www.137sow.ang.af.mil,Air Force,137th Special Operations Wing
www.138fw.ang.af.mil,Air Force,138th Fighter Wing
www.139aw.ang.af.mil,Air Force,139th Airlift Wing
www.140wg.ang.af.mil,Air Force,140th Wing
www.141arw.ang.af.mil,Air Force,141st Air Refueling Wing
www.142fw.ang.af.mil,Air Force,142nd Fighter Wing
www.143aw.ang.af.mil,Air Force,143rd Airlift Wing
www.144fw.ang.af.mil,Air Force,144th Fighter Wing
www.145aw.ang.af.mil,Air Force,145th Airlift Wing
www.146aw.ang.af.mil,Air Force,146th Airlift Wing
www.147atkw.ang.af.mil,Air Force,147th Reconnaissance Wing
www.148fw.ang.af.mil,Air Force,148th Fighter Wing
www.149fw.ang.af.mil,Air Force,149th Fighter Wing
www.150sow.ang.af.mil,Air Force,150th Special Operations Wing
www.151arw.ang.af.mil,Air Force,151st Air Refueling Wing
www.152aw.ang.af.mil,Air Force,152nd Airlift Wing
www.153aw.ang.af.mil,Air Force,153rd Airlift Wing
www.154wg.ang.af.mil,Air Force,154th Wing
www.155arw.ang.af.mil,Air Force,155th Air Refueling Wing
www.156wg.ang.af.mil,Air Force,156th Wing
www.157arw.ang.af.mil,Air Force,157th Air Refueling Wing
www.158fw.ang.af.mil,Air Force,158th Fighter Wing
www.159fw.ang.af.mil,Air Force,159th Fighter Wing
www.15af.acc.af.mil,Air Force,15th Air Force
www.15wing.af.mil,Air Force,15th Wing
www.161arw.ang.af.mil,Air Force,161st Air Refueling Wing
www.162wing.ang.af.mil,Air Force,162nd Wing
www.163atkw.ang.af.mil,Air Force,163rd Attack Wing
www.164aw.ang.af.mil,Air Force,164th Airlift Wing
www.165aw.ang.af.mil,Air Force,165th Airlift Wing
www.166aw.ang.af.mil,Air Force,166th Airlift Wing
www.167aw.ang.af.mil,Air Force,167th Airlift Wing
www.168wg.ang.af.mil,Air Force,168th Air Refueling Wing
www.169fw.ang.af.mil,Air Force,169th Fighter Wing
www.16af.af.mil,Air Force,16th Air Force
www.171arw.ang.af.mil,Air Force,171st Air Refueling Wing
www.172aw.ang.af.mil,Air Force,172nd Airlift Wing
www.173fw.ang.af.mil,Air Force,173rd Fighter Wing
www.174attackwing.ang.af.mil,Air Force,174th Attack Wing
www.175wg.ang.af.mil,Air Force,175th Wing
www.176wg.ang.af.mil,Air Force,176th Wing
www.177fw.ang.af.mil,Air Force,177th Fighter Wing
www.178wing.ang.af.mil,Air Force,178th Wing
www.179aw.ang.af.mil,Air Force,179th Airlift Wing
www.180fw.ang.af.mil,Air Force,180th Fighter Wing
www.181iw.ang.af.mil,Air Force,181st Intelligence Wing
www.182aw.ang.af.mil,Air Force,182nd Airlift Wing
www.183wg.ang.af.mil,Air Force,183rd Fighter Wing
www.184iw.ang.af.mil,Air Force,184th Intelligence Wing
www.185arw.ang.af.mil,Air Force,185th Air Refueling Wing
www.186arw.ang.af.mil,Air Force,186th Air Refueling Wing
www.187fw.ang.af.mil,Air Force,187th Fighter Wing
www.188wg.ang.af.mil,Air Force,188th Wing
www.189aw.ang.af.mil,Air Force,189th Airlift Wing
www.18af.amc.af.mil,Air Force,18th Air Force
www.190arw.ang.af.mil,Air Force,190th Air Refueling Wing
www.192wg.ang.af.mil,Air Force,192nd Fighter Wing
www.193sow.ang.af.mil,Air Force,193rd Special Operations Wing
www.194wg.ang.af.mil,Air Force,194th Wing
www.195wg.ang.af.mil,Air Force,195th Wing
www.1af.acc.af.mil,Air Force,1st Air Force (AFNORTH)
www.20af.af.mil,Air Force,20th Air Force
www.22af.afrc.af.mil,Air Force,22nd Air Force
www.airforcespecialtactics.af.mil,Air Force,24th Special Operations Wing (Air Force Special Tactics)
www.25af.af.mil,Air Force,25th Air Force
www.2af.aetc.af.mil,Air Force,2nd Air Force
www.301fw.afrc.af.mil,Air Force,301st Fighter Wing
www.302aw.afrc.af.mil,Air Force,302nd Airlift Wing
www.307bw.afrc.af.mil,Air Force,307th Bomb Wing
www.310sw.afrc.af.mil,Air Force,310th Space Wing
www.315aw.afrc.af.mil,Air Force,315th Airlift Wing
www.33fw.af.mil,Air Force,33rd Fighter Wing
www.340ftg.afrc.af.mil,Air Force,340th Flying Training Group
www.349amw.afrc.af.mil,Air Force,349th Air Mobility Wing
www.352sow.af.mil,Air Force,352nd Special Operations Wing
www.353sog.af.mil,Air Force,353rd Special Operations Group
www.37trw.af.mil,Air Force,37th Training Wing
www.388fw.acc.af.mil,Air Force,388th Fighter Wing
www.403wg.afrc.af.mil,Air Force,403rd Wing
www.413ftg.afrc.af.mil,Air Force,413th Flight Training Group
www.419fw.afrc.af.mil,Air Force,419th Fighter Wing
www.433aw.afrc.af.mil,Air Force,433rd Airlift Wing
www.442fw.afrc.af.mil,Air Force,442nd Fighter Wing
www.445aw.afrc.af.mil,Air Force,445th Airlift Wing
www.446aw.afrc.af.mil,Air Force,446th Airlift Wing
www.459arw.afrc.af.mil,Air Force,459th Air Refueling Wing
www.477fg.afrc.af.mil,Air Force,477th Fighter Group
www.492sow.af.mil,Air Force,492nd Special Operations Wing
www.4af.afrc.af.mil,Air Force,4th Air Force
www.501csw.usafe.af.mil,Air Force,501st Combat Support Wing
www.505ccw.acc.af.mil,Air Force,505th Command and Control Wing
www.507arw.afrc.af.mil,Air Force,507th Air Refueling Wing
www.512aw.afrc.af.mil,Air Force,512th Airlift Wing
www.514amw.afrc.af.mil,Air Force,514th Air Mobility Wing
www.521amow.af.mil,Air Force,521st Air Mobility Operations Wing
www.53rdwing.af.mil,Air Force,53rd Wing
www.552acw.acc.af.mil,Air Force,552nd Air Control Wing
www.557weatherwing.af.mil,Air Force,557th Weather Wing
www.59mdw.af.mil,Air Force,59th Medical Wing
www.5af.pacaf.af.mil,Air Force,5th Air Force
www.618tacc.amc.af.mil,Air Force,618th Tanker Airlift Control Center
www.624rsg.afrc.af.mil,Air Force,624th Regional Support Group
www.jba.af.mil,Air Force,79th Medical Wing
www.7af.pacaf.af.mil,Air Force,7th Air Force
www.8af.af.mil,Air Force,8th Air Force
www.908aw.afrc.af.mil,Air Force,908th Airlift Wing
www.913ag.afrc.af.mil,Air Force,913th Airlift Group
www.916arw.afrc.af.mil,Air Force,916th Air Refueling Wing
www.919sow.afrc.af.mil,Air Force,919th Special Operations Wing
www.920rqw.afrc.af.mil,Air Force,920th Rescue Wing
www.926wing.afrc.af.mil,Air Force,926th Wing
www.927arw.afrc.af.mil,Air Force,927th Air Refueling Wing
www.931arw.afrc.af.mil,Air Force,931st Air Refueling Wing
www.932aw.afrc.af.mil,Air Force,932nd Airlift Wing
www.940arw.afrc.af.mil,Air Force,940th Air Refueling Wing
www.943rqg.afrc.af.mil,Air Force,943rd Rescue Group
www.944fw.afrc.af.mil,Air Force,944th Fighter Wing
www.960cyber.afrc.af.mil,Air Force,960th Cyberspace Operations Group
www.studyguides.af.mil,Air Force,AFH1 and Enlisted Promotion Study Guides
www.afwerx.af.mil,Air Force,AFWERX
www.acc.af.mil,Air Force,Air Combat Command
www.aetc.af.mil,Air Force,Air Education and Training Command
ww3.safaq.hq.af.mil,Air Force,Air Force Acquisition
www.afams.af.mil,Air Force,Air Force Agency for Modeling and Simulation
www.adr.af.mil,Air Force,Air Force Alternative Dispute Resolution Program
www.afaa.af.mil,Air Force,Air Force Audit Agency
www.music.af.mil,Air Force,Air Force Bands (all)
www.basictraining.af.mil,Air Force,Air Force Basic Military Training
www.airforcebes.af.mil,Air Force,Air Force Business Enterprise Systems
www.cemm.af.mil,Air Force,Air Force Center of Excellence for Medical Multimedia
www.modsim.af.mil,Air Force,Air Force Chief Modeling and Simulation Office
www.afcec.af.mil,Air Force,Air Force Civil Engineer Center
www.secretsdeclassified.af.mil,Air Force,Air Force Declassification
www.afdw.af.mil,Air Force,Air Force District of Washington
www.airforcehollywood.af.mil,Air Force,Air Force Entertainment Liaison Office
www.e-publishing.af.mil,Air Force,Air Force e-Publishing
www.saffm.hq.af.mil,Air Force,Air Force Financial Management & Comptroller
www.foia.af.mil,Air Force,Air Force Freedom of Information Act
www.safgc.hq.af.mil,Air Force,Air Force General Counsel
www.afgsc.af.mil,Air Force,Air Force Global Strike Command
www.afhra.af.mil,Air Force,Air Force Historical Research Agency
www.afhistory.af.mil,Air Force,Air Force Historical Studies Office
www.afhistoryandmuseums.af.mil,Air Force,Air Force History and Museums
www.housing.af.mil,Air Force,Air Force Housing
www.afimsc.af.mil,Air Force,Air Force Installation and Mission Support Center
www.safia.hq.af.mil,Air Force,Air Force International Affairs
www.learningprofessionals.af.mil,Air Force,Air Force Learning Professionals
www.aflcmc.af.mil,Air Force,Air Force Life Cycle Management Center
www.afmaa.af.mil,Air Force,Air Force Manpower Analysis Agency
www.afmc.af.mil,Air Force,Air Force Materiel Command
www.airforcemedicine.af.mil,Air Force,Air Force Medical Service
www.mortuary.af.mil,Air Force,Air Force Mortuary Affairs
www.netcents.af.mil,Air Force,Air Force Network Centric Solutions (NetCents)
www.cyberspacecapabilitiescenter.af.mil,Air Force,Air Force Network Integration Center
www.afnwc.af.mil,Air Force,Air Force Nuclear Weapons Center
www.osi.af.mil,Air Force,Air Force Office of Special Investigations
www.data.af.mil,Air Force,Air Force OPEN Data Program
www.afotec.af.mil,Air Force,Air Force Operational Test and Evaluation Center
www.afoutreach.af.mil,Air Force,Air Force Outreach
www.afpc.af.mil,Air Force,Air Force Personnel Center
www.privacy.af.mil,Air Force,Air Force Privacy Act
www.publicaffairs.af.mil,Air Force,Air Force Public Affairs (Agency)
www.recruiting.af.mil,Air Force,Air Force Recruiting Service
www.afrl.af.mil,Air Force,Air Force Research Laboratory
www.afrc.af.mil,Air Force,Air Force Reserve Command
www.resilience.af.mil,Air Force,Air Force Resilience
www.retirees.af.mil,Air Force,Air Force Retiree Services
www.safety.af.mil,Air Force,Air Force Safety Center
www.scientificadvisoryboard.af.mil,Air Force,Air Force Scientific Advisory Board
www.afsfc.af.mil,Air Force,Air Force Security Forces Center
www.afsbirsttr.af.mil,Air Force,Air Force Small Business Innovation Research and
www.airforcesmallbiz.af.mil,Air Force,Air Force Small Business Programs
www.afspc.af.mil,Air Force,Air Force Space Command
www.afsoc.af.mil,Air Force,Air Force Special Operations Command
www.afsig.af.mil,Air Force,Air Force Strategic Integration Group
www.afsc.af.mil,Air Force,Air Force Sustainment Center
www.aft3.af.mil,Air Force,Air Force Technology Transfer and Transition Program
www.aftc.af.mil,Air Force,Air Force Test Center
www.trademark.af.mil,Air Force,Air Force Trademark and Licensing Program
www.afwic.af.mil,Air Force,Air Force Warfighting Integration Capability
www.woundedwarrior.af.mil,Air Force,Air Force Wounded Warrior
www.amc.af.mil,Air Force,Air Mobility Command
www.ang.af.mil,Air Force,Air National Guard
www.angtec.ang.af.mil,Air Force,Air National Guard Training and Education Center
www.arpc.afrc.af.mil,Air Force,Air Reserve Personnel Center
www.airuniversity.af.mil,Air Force,Air University
www.airmanmagazine.af.mil,Air Force,Airman Magazine
www.alpenacrtc.ang.af.mil,Air Force,Alpena Combat Readiness Training Center
www.altus.af.mil,Air Force,Altus Air Force Base
www.andersen.af.mil,Air Force,Andersen Air Force Base
www.aatc.ang.af.mil,Air Force,ANG AFRC Command Test Center
www.arnold.af.mil,Air Force,Arnold Air Force Base
www.aviano.af.mil,Air Force,Aviano Air Base
www.barksdale.af.mil,Air Force,Barksdale Air Force Base
www.beready.af.mil,Air Force,Be Ready
www.beale.af.mil,Air Force,Beale Air Force Base
www.cannon.af.mil,Air Force,Cannon Air Force Base
www.cemm.af.mil,Air Force,Center for Excellence in Medical Multimedia (CEMM)
www.citamn.afrc.af.mil,Air Force,Citizen Airman Magazine
www.columbus.af.mil,Air Force,Columbus Air Force Base
www.creech.af.mil,Air Force,Creech Air Force Base
www.aiaccelerator.af.mil,Air Force,DAF AI Accelerator
www.dm.af.mil,Air Force,Davis-Monthan Air Force Base
www.dimo.af.mil,Air Force,Defense Institute for Medical Operations
www.dobbins.afrc.af.mil,Air Force,Dobbins Air Reserve Base
www.dover.af.mil,Air Force,Dover Air Force Base
www.dyess.af.mil,Air Force,Dyess Air Force Base
www.eads.ang.af.mil,Air Force,Eastern Air Defense Sector
www.edwards.af.mil,Air Force,Edwards Air Force Base
www.eglin.af.mil,Air Force,Eglin Air Force Base
www.eielson.af.mil,Air Force,Eielson Air Force Base
www.ellsworth.af.mil,Air Force,Ellsworth Air Force Base
www.warren.af.mil,Air Force,F.E. Warren Air Force Base
www.fairchild.af.mil,Air Force,Fairchild Air Force Base
www.goodfellow.af.mil,Air Force,Goodfellow Air Force Base
www.gosere.af.mil,Air Force,GoSere
www.grandforks.af.mil,Air Force,Grand Forks Air Force Base
www.grissom.afrc.af.mil,Air Force,Grissom Air Reserve Base
www.hanscom.af.mil,Air Force,Hanscom Air Force Base
www.hqrio.afrc.af.mil,Air Force,Headquarters RIO
www.hill.af.mil,Air Force,Hill Air Force Base
www.holloman.af.mil,Air Force,Holloman Air Force Base
www.homestead.afrc.af.mil,Air Force,Homestead Air Reserve Base
www.hurlburt.af.mil,Air Force,Hurlburt Field
www.incirlik.af.mil,Air Force,Incirlik Air Base
www.safie.hq.af.mil,Air Force,"Installations, Environment & Logistics"
www.jagreporter.af.mil,Air Force,JAG Reporter
www.jba.af.mil,Air Force,Joint Base Andrews
www.jbcharleston.jb.mil,Air Force,Joint Base Charleston
www.jber.af.mil,Air Force,Joint Base Elmendorf-Richardson
www.jble.af.mil,Air Force,Joint Base Langley-Eustis
www.jbmdl.jb.mil,Air Force,Joint Base McGuire-Dix-Lakehurst
www.jbsa.mil,Air Force,Joint Base San Antonio
www.kadena.af.mil,Air Force,Kadena Air Base
www.keesler.af.mil,Air Force,Keesler Air Force Base
www.kirtland.af.mil,Air Force,Kirtland Air Force Base
www.kunsan.af.mil,Air Force,Kunsan Air Base
www.laughlin.af.mil,Air Force,Laughlin Air Force Base
www.littlerock.af.mil,Air Force,Little Rock Air Force Base
www.luke.af.mil,Air Force,Luke Air Force Base
www.macdill.af.mil,Air Force,MacDill Air Force Base
www.malmstrom.af.mil,Air Force,Malmstrom Air Force Base
www.march.afrc.af.mil,Air Force,March Air Reserve Base
www.maxwell.af.mil,Air Force,Maxwell Air Force Base
www.mcconnell.af.mil,Air Force,McConnell Air Force Base
www.mars.af.mil,Air Force,Military Auxiliary Radio System
www.minneapolis.afrc.af.mil,Air Force,Minneapolis-St Paul Air Reserve Station
www.minot.af.mil,Air Force,Minot Air Force Base
www.misawa.af.mil,Air Force,Misawa Air Base
www.gulfportcrtc.ang.af.mil,Air Force,Mississippi Combat Readiness Center
www.moody.af.mil,Air Force,Moody Air Force Base
www.mountainhome.af.mil,Air Force,Mountain Home Air Force Base
www.nasic.af.mil,Air Force,National Air and Space Intelligence Center
AirDomainIntelligence.gov,Air Force,National Aviation Intelligence Integration Office - NAI2O
www.airdomainintelligence.mil,Air Force,National Aviation Intelligence Integration Office (NAI20)
www.nationalmuseum.af.mil,Air Force,National Museum of the United States Air Force
www.nellis.af.mil,Air Force,Nellis Air Force Base
www.njang.ang.af.mil,Air Force,New Jersey Air National Guard
www.niagara.afrc.af.mil,Air Force,Niagara Falls Air Reserve Station
www.offutt.af.mil,Air Force,Offutt Air Force Base
www.osan.af.mil,Air Force,Osan Air Base
www.pacaf.af.mil,Air Force,Pacific Air Forces
www.pittsburgh.afrc.af.mil,Air Force,Pittsburgh IAP Air Reserve Station
www.pope.af.mil,Air Force,Pope Field
www.airman.af.mil,Air Force,Profession of Arms Center of Expertise
www.ramstein.af.mil,Air Force,Ramstein Air Base
www.robins.af.mil,Air Force,Robins Air Force Base
www.lakenheath.af.mil,Air Force,Royal Air Force Lakenheath
www.mildenhall.af.mil,Air Force,Royal Air Force Mildenhall
www.safcn.af.mil,Air Force,SAF/CIO A6 Information Dominance and CIO
www.scott.af.mil,Air Force,Scott Air Force Base
www.afinspectorgeneral.af.mil,Air Force,Secretary of the Air Force Inspector General (SAF/IG)
www.seymourjohnson.af.mil,Air Force,Seymour Johnson Air Force Base
www.shaw.af.mil,Air Force,Shaw Air Force Base
www.sheppard.af.mil,Air Force,Sheppard Air Force Base
www.safsq.hq.af.mil,Air Force,Space Acquisition and Integration
www.spangdahlem.af.mil,Air Force,Spangdahlem Air Base
www.specialwarfaretw.af.mil,Air Force,Special Warfare Training Wing
www.mcchord.af.mil,Air Force,Team McChord
www.tesseract.af.mil,Air Force,Tesseract AF (HAF/A4L)
www.afjag.af.mil,Air Force,The Judge Advocate General's Corps
www.af.mil,Air Force,The Official Website for the U.S. Air Force
www.tinker.af.mil,Air Force,Tinker Air Force Base
www.torch.aetc.af.mil,Air Force,Torch Magazine
www.travis.af.mil,Air Force,Travis Air Force Base
www.tyndall.af.mil,Air Force,Tyndall Air Force Base
www.bmtflightphotos.af.mil,Air Force,U.S. Air Force Basic Military Training Flight Photos
www.doctrine.af.mil,Air Force,U.S. Air Force Doctrine
www.expeditionarycenter.af.mil,Air Force,U.S. Air Force Expeditionary Center
www.afcent.af.mil,Air Force,U.S. Air Forces Central Command
www.usafe.af.mil,Air Force,U.S. Air Forces in Europe
www.spaceforce.mil,Air Force,U.S. Space Force
www.usafa.af.mil,Air Force,United States Air Force Academy
www.honorguard.af.mil,Air Force,United States Air Force Honor Guard
www.vance.af.mil,Air Force,Vance Air Force Base
www.veterans-in-blue.af.mil,Air Force,Veterans In Blue
www.volkfield.ang.af.mil,Air Force,Volk Field
www.wavelength.af.mil,Air Force,"Wavelength Detachment 1, 850th Spectrum Warfare Group"
www.wads.ang.af.mil,Air Force,Western Air Force Defense Sector
www.westover.afrc.af.mil,Air Force,Westover Air Reserve Base
www.whiteman.af.mil,Air Force,Whiteman Air Force Base
www.wpafb.af.mil,Air Force,Wright-Patterson Air Force Base
www.yokota.af.mil,Air Force,Yokota Air Base
www.youngstown.afrc.af.mil,Air Force,Youngstown Air Reserve Station
11thairbornedivision.army.mil,Army,11th Airborne Division
www.1tsc.army.mil,Army,1st Theater Sustainment Command
www.20cbrne.army.mil,Army,20th CBRNE
www.2id.korea.army.mil,Army,2nd Infantry Division (2ID) - Korea
www.41fab.army.mil,Army,41st Field Artillery Brigade
www.55comcam.army.mil,Army,55th Combat Camera
innovation.army.mil,Army,75th Innovations Command
medlinet.amedd.army.mil,Army,AMEDD Virtual Library
www.awg.army.mil,Army,Army Asymmetric Warfare Group
www.arcyber.army.mil,Army,Army Cyber Command
cyber.army.mil,Army,Army Cyber Institute
www.europeafrica.army.mil,Army,Army Europe
www.10thaamdc.army.mil,Army,Army Europe 10th Air & Missile Defense
www.12cab.army.mil,Army,Army Europe 12th Combat Aviation Brigade
www.skysoldiers.army.mil,Army,Army Europe 173rd Infantry Brigade Combat Team
www.19bcd.army.mil,Army,Army Europe 19th Battlefield Coordination Detachment
www.21tsc.army.mil,Army,Army Europe 21st Theater Sustainment Command
www.2cr.army.mil,Army,Army Europe 2nd Cavalry Regiment
www.2sigbde.army.mil,Army,Army Europe 2nd Theater Signal Brigade
www.afsbeurope.army.mil,Army,Army Europe 405th Army Field Support Brigade
www.409csb.army.mil,Army,Army Europe 409th Contracting Support Brigade
www.41fab.army.mil,Army,Army Europe 41st Field Artillery Brigade
www.7atc.army.mil,Army,Army Europe 7th Army Training Comand
www.band.eur.army.mil,Army,Army Europe Band & Chorus
www.asafm.army.mil,Army,Army Financial Management and Comptroller
www.afod.eur.army.mil,Army,Army Flight Operations Detachment
ig.army.mil,Army,Army IG
www.aepubs.eur.army.mil,Army,Army in Europe Library and Publishing
www.amc.army.mil,Army,Army Material Command
www.amlc.army.mil,Army,Army Medical Logistics Command
mrdg.health.mil,Army,Army Medical Research Directorate-Georgia
www.nrmc.amedd.army.mil,Army,Army North Atlantic Regional Medical Command
www.usarpac.army.mil,Army,Army Pacific
www.arcp.army.mil,Army,Army Recovery Care Program
recruiting.army.mil,Army,Army Recruiting Command
asb.army.mil,Army,Army Science Board
www.aschq.army.mil,Army,Army Sustainment Command
www.armyupress.army.mil,Army,Army University Press
usapc.army.mil,Army,ASC - U.S. Army Petroleum Center (USAPC)
www.pscc.army.mil,Army,ASC Packaging Storage and Containerization Center
bahc.nrmc.amedd.army.mil,Army,Barquist Army Health Clinic
www.ccad.army.mil,Army,Corpus Christi Army Depot
cyberdefensereview.army.mil,Army,Cyber Defense Review
daaf-wx.army.mil,Army,Davison Army Airfield (DAAF)
www.first.army.mil,Army,First Army
www.swcs.mil,Army,John F. Kennedy Special Warfare Center and School
www.jblmdesignstandards.army.mil,Army,Joint Base Lewis McChord Design Standards
jpeoaa.army.mil,Army,Joint Program Executive Office for Armaments & Ammunition (JPEO AA)
www.jpeocbrnd.osd.mil,Army,"Joint Program Executive Office for Chemical, Biological, Radiological and Nuclear Defense (JPEO)"
kirk.tricare.mil,Army,Kirk U.S. Army Medical Health Clinic
www.letterkenny.army.mil,Army,Letterkenny Army Depot
www.ncolcoe.army.mil,Army,NCO Leadership Center of Excellence
www.ncoworldwide.army.mil,Army,NCO World Campus
www.dasadec.army.mil,Army,Office of the Deputy Assistant Secretary of the Army for Defense Exports and Cooperation
www.peosoldier.army.mil,Army,Program Executive Office Soldier
www.psmagazine.army.mil,Army,PS Magazine
phcp.health.mil,Army,Public Health Command - Pacific
mrc-europe.army.mil,Army,Regional Health Command Europe
www.rma.army.mil,Army,Rocky Mountain Arsenal
www.goarmysof.army.mil,Army,Special Operations Recruiting Battalion SORB(A)
smtc.dodlive.mil,Army,Strength Maintenance Training Center
www.tobyhanna.army.mil,Army,Tobyhanna Army Depot
www.amcom.army.mil,Army,U.S. Army Aviation and Missile Command
www.usarcent.army.mil,Army,U.S. Army Central
www.avmc.army.mil,Army,U.S. Army Combat Capabilities Development: Aviation and Missile Center
www.usafmcom.army.mil,Army,U.S. Army Financial Management Command
www.usarj.army.mil,Army,U.S. Army Japan
afrims.health.mil,Army,U.S. ARMY MEDICAL DIRECTORATE - ARMED FORCES RESEARCH INSTITUTE of MEDICAL SCIENCES (USAMD-AFRIMS)
www.usanato.army.mil,Army,U.S. Army Nato
www.arnorth.army.mil,Army,U.S. Army North
www.obtportal.army.mil,Army,U.S. Army Office of Business Transformation
usapc.army.mil,Army,U.S. Army Petroleum
www.usar.army.mil,Army,U.S. Army Reserve
www.armyreservewarriorcitizen.mil,Army,U.S. Army Reserve Strategic Communication/Warrior Citizen)
www.arsouth.army.mil,Army,U.S. Army South
www.smdc.army.mil,Army,U.S. Army Space and Missile Defense Command
www.psmagazine.army.mil,Army,U.S. Army Sustainment Command/PS Magazine
www.mepcom.army.mil,Army,U.S. Military Entrance Processing Command
www.wrair.army.mil,Army,Walter Reed Army Institute of Research (WRAIR)
www.poa.usace.army.mil,Army Corps of Engineers,Alaska District
www.spa.usace.army.mil,Army Corps of Engineers,Albuquerque District
www.agc.army.mil,Army Corps of Engineers,Army Geospatial Center
www.nab.usace.army.mil,Army Corps of Engineers,Baltimore District
www.lrb.usace.army.mil,Army Corps of Engineers,Buffalo District
www.sac.usace.army.mil,Army Corps of Engineers,Charleston District
www.lrc.usace.army.mil,Army Corps of Engineers,Chicago District
www.lre.usace.army.mil,Army Corps of Engineers,Detroit District
www.erdc.usace.army.mil,Army Corps of Engineers,ERDC
www.nau.usace.army.mil,Army Corps of Engineers,Europe District
www.pof.usace.army.mil,Army Corps of Engineers,Far East District
www.swf.usace.army.mil,Army Corps of Engineers,Fort Worth District
www.swg.usace.army.mil,Army Corps of Engineers,Galveston District
www.lrd.usace.army.mil,Army Corps of Engineers,Great Lakes/Ohio River Division
www.usace.army.mil,Army Corps of Engineers,Headquarters
www.poh.usace.army.mil,Army Corps of Engineers,Honolulu District
www.lrh.usace.army.mil,Army Corps of Engineers,Huntington District
www.iwr.usace.army.mil,Army Corps of Engineers,Institute for Water Resources
www.rmc.usace.army.mil,Army Corps of Engineers,"Institute for Water Resources, Risk Management Center"
www.saj.usace.army.mil,Army Corps of Engineers,Jacksonville District
www.poj.usace.army.mil,Army Corps of Engineers,Japan Engineer District
www.nwk.usace.army.mil,Army Corps of Engineers,Kansas City District
www.swl.usace.army.mil,Army Corps of Engineers,Little Rock District
www.spl.usace.army.mil,Army Corps of Engineers,Los Angeles District
www.lrl.usace.army.mil,Army Corps of Engineers,Louisville District
www.mvm.usace.army.mil,Army Corps of Engineers,Memphis District
www.tam.usace.army.mil,Army Corps of Engineers,Middle East District
www.mvd.usace.army.mil,Army Corps of Engineers,Mississippi Valley Division
www.sam.usace.army.mil,Army Corps of Engineers,Mobile District
www.lrn.usace.army.mil,Army Corps of Engineers,Nashville District
www.nae.usace.army.mil,Army Corps of Engineers,New England District
www.mvn.usace.army.mil,Army Corps of Engineers,New Orleans District
www.nan.usace.army.mil,Army Corps of Engineers,New York District
www.nao.usace.army.mil,Army Corps of Engineers,Norfolk District
www.nad.usace.army.mil,Army Corps of Engineers,North Atlantic Division
www.nwd.usace.army.mil,Army Corps of Engineers,Northwestern Division
www.nwo.usace.army.mil,Army Corps of Engineers,Omaha District
www.pod.usace.army.mil,Army Corps of Engineers,Pacific Ocean Division
www.nap.usace.army.mil,Army Corps of Engineers,Philadelphia District
www.lrp.usace.army.mil,Army Corps of Engineers,Pittsburgh District
www.nwp.usace.army.mil,Army Corps of Engineers,Portland District
www.mvr.usace.army.mil,Army Corps of Engineers,Rock Island District
www.spk.usace.army.mil,Army Corps of Engineers,Sacramento District
www.spn.usace.army.mil,Army Corps of Engineers,San Francisco District
www.sas.usace.army.mil,Army Corps of Engineers,Savannah District
www.nws.usace.army.mil,Army Corps of Engineers,Seattle District
www.sad.usace.army.mil,Army Corps of Engineers,South Atlantic Division
www.spd.usace.army.mil,Army Corps of Engineers,South Pacific Division
www.swd.usace.army.mil,Army Corps of Engineers,Southwestern Division
www.mvs.usace.army.mil,Army Corps of Engineers,St. Louis District
www.mvp.usace.army.mil,Army Corps of Engineers,St. Paul District
www.tad.usace.army.mil,Army Corps of Engineers,Transatlantic Division
www.swt.usace.army.mil,Army Corps of Engineers,Tulsa District
www.hnc.usace.army.mil,Army Corps of Engineers,"U.S. Army Engineering and Support Center, Huntsville"
www.publications.usace.army.mil,Army Corps of Engineers,USACE Publications
www.mvk.usace.army.mil,Army Corps of Engineers,Vicksburg District
www.nww.usace.army.mil,Army Corps of Engineers,Walla Walla District
www.saw.usace.army.mil,Army Corps of Engineers,Wilmington District
www.10thmarines.marines.mil,Marine Corps,10th Marine Regiment
www.11thmeu.marines.mil,Marine Corps,11th Marine Expeditionary Unit
www.12thmcd.marines.mil,Marine Corps,12th Marine Corps District
www.13thmeu.marines.mil,Marine Corps,13th Marine Expeditionary Unit
www.15thmeu.marines.mil,Marine Corps,15th Marine Expeditionary Unit
www.1stmaw.marines.mil,Marine Corps,1st Marine Aircraft Wing
www.1stmcd.marines.mil,Marine Corps,1st Marine Corps District
www.1stmardiv.marines.mil,Marine Corps,1st Marine Division
www.1stmlg.marines.mil,Marine Corps,1st Marine Logistics Group
www.22ndmeu.marines.mil,Marine Corps,22nd Marine Expeditionary Unit
www.26thmeu.marines.mil,Marine Corps,26th Marine Expeditionary Unit
www.2ndmaw.marines.mil,Marine Corps,2nd Marine Aircraft Wing
www.2ndmardiv.marines.mil,Marine Corps,2nd Marine Division
www.2ndmeb.marines.mil,Marine Corps,2nd Marine Expeditionary Brigade
www.2ndmlg.marines.mil,Marine Corps,2nd Marine Logistics Group
www.2ndmarines.marines.mil,Marine Corps,2nd Marine Regiment
www.31stmeu.marines.mil,Marine Corps,31st Marine Expeditionary Unit
www.3rdmaw.marines.mil,Marine Corps,3rd Marine Aircraft Wing
www.3rdmardiv.marines.mil,Marine Corps,3rd Marine Division
www.3rdmeb.marines.mil,Marine Corps,3rd Marine Expeditionary Brigade
www.3rdmlg.marines.mil,Marine Corps,3rd Marine Logistics Group
www.4thmcd.marines.mil,Marine Corps,4th Marine Corps District
www.tf515.marines.mil,Marine Corps,"5th Marine Expeditionary Brigade (Command Element, Marine Forces Central Command (Forward) )'"
www.6thmcd.marines.mil,Marine Corps,6th Marine Corps District
www.6thmarines.marines.mil,Marine Corps,6th Marine Regiment
www.8thmcd.marines.mil,Marine Corps,8th Marine Corps District
www.8thmarines.marines.mil,Marine Corps,8th Marine Regiment
www.9thmcd.marines.mil,Marine Corps,9th Marine Corps District
www.ar.marines.mil,Marine Corps,Administration and Resource Management
www.acmc.marines.mil,Marine Corps,Assistant Commandant of the Marine Corps
www.cbirf.marines.mil,Marine Corps,Chemical Biological Incident Response Force
www.fuji.marines.mil,Marine Corps,Combined Arms Training Center Camp Fuji
www.cmc.marines.mil,Marine Corps,Commandant of the Marine Corps
www.cd.marines.mil,Marine Corps,Communication Directorate
www.marforres.marines.mil,Marine Corps,Community of Interest
www.hqmc.marines.mil,Marine Corps,Deployment Processing Command-East
www.cd.marines.mil,Marine Corps,Director of the Marine Corps Staff
www.hqmc.marines.mil,Marine Corps,Expeditionary Energy Office
www.trngcmd.marines.mil,Marine Corps,Field Medical Training Battalion-East
www.trngcmd.marines.mil,Marine Corps,Field Medical Training Battalion-West
www.hqmc.marines.mil,Marine Corps,Headquarters Marine Corps
www.hrom.marines.mil,Marine Corps,HUMAN RESOURCES AND ORGANIZATIONAL MANAGEMENT BRANCH (ARH)
www.imef.marines.mil,Marine Corps,I Marine Expeditionary Force
www.iimef.marines.mil,Marine Corps,II Marine Expeditionary Force
www.iiimef.marines.mil,Marine Corps,III Marine Expeditionary Force
www.igmc.marines.mil,Marine Corps,Inspector General of the Marine Corps
www.iandl.marines.mil,Marine Corps,Installations and Logistics
www.hqmc.marines.mil,Marine Corps,Intelligence
www.lawenforcement.marines.mil,Marine Corps,Law Enforcement
www.macg28.marines.mil,Marine Corps,Marine Air Control Group 28
www.mag14.marines.mil,Marine Corps,Marine Aircraft Group 14
www.mag26.marines.mil,Marine Corps,Marine Aircraft Group 26
www.mag29.marines.mil,Marine Corps,Marine Aircraft Group 29
www.mag31.marines.mil,Marine Corps,Marine Aircraft Group 31
www.aviation.marines.mil,Marine Corps,Marine Aviation
www.barracks.marines.mil,Marine Corps,Marine Barracks
www.quantico.marines.mil,Marine Corps,Marine Corps Air Facility Quantico
www.29palms.marines.mil,Marine Corps,Marine Corps Air Ground Combat Center Twenty-nine Palms
www.beaufort.marines.mil,Marine Corps,Marine Corps Air Station Beaufort
www.mcaspendleton.marines.mil,Marine Corps,Marine Corps Air Station Camp Pendleton
www.cherrypoint.marines.mil,Marine Corps,Marine Corps Air Station Cherry Point
www.mcasfutenma.marines.mil,Marine Corps,Marine Corps Air Station Futenma
www.mcasiwakuni.marines.mil,Marine Corps,Marine Corps Air Station Iwakuni
www.mcasiwakunijp.marines.mil,Marine Corps,Marine Corps Air Station Iwakuni-Japanese
www.miramar.marines.mil,Marine Corps,Marine Corps Air Station Miramar
www.miramar-ems.marines.mil,Marine Corps,Marine Corps Air Station Miramar-EMS
www.newriver.marines.mil,Marine Corps,Marine Corps Air Station New River
www.mcasyuma.marines.mil,Marine Corps,Marine Corps Air Station Yuma
www.mcbblaz.marines.mil,Marine Corps,Marine Corps Base Camp Blaz
www.mcbbutler.marines.mil,Marine Corps,Marine Corps Base Camp Butler
www.lejeune.marines.mil,Marine Corps,Marine Corps Base Camp Lejeune
www.pendleton.marines.mil,Marine Corps,Marine Corps Base Camp Pendleton
www.mcbhawaii.marines.mil,Marine Corps,Marine Corps Base Hawaii
www.quantico.marines.mil,Marine Corps,Marine Corps Base Quantico
www.bic.marines.mil,Marine Corps,Marine Corps Blount Island Command
www.cdi.marines.mil,Marine Corps,Marine Corps Combat Development Command
www.trngcmd.marines.mil,Marine Corps,Marine Corps Combat Service Support School
www.hqmc.marines.mil,Marine Corps,Marine Corps Defense Services Organization
www.trngcmd.marines.mil,Marine Corps,Marine Corps Engineer School
www.marcent.marines.mil,Marine Corps,Marine Corps Forces Central Command
www.marforeur.marines.mil,Marine Corps,Marine Corps Forces Europe/Africa
www.marforres.marines.mil,Marine Corps,Marine Corps Forces Reserves
www.marforsouth.marines.mil,Marine Corps,Marine Corps Forces South
www.marsoc.marines.mil,Marine Corps,Marine Corps Forces Special Operations Command
www.hqmc.marines.mil,Marine Corps,Marine Corps Helicopter Squadron One
www.mcicom.marines.mil,Marine Corps,"Marine Corps Installations Command, MCICOM"
www.mcieast.marines.mil,Marine Corps,Marine Corps Installations East
www.mcipac.marines.mil,Marine Corps,Marine Corps Installations Pacific
www.japan.marines.mil,Marine Corps,Marine Corps Installations Pacific (MCIPAC) Communication Strategy and Operations Official Japanese Website
www.mciwest.marines.mil,Marine Corps,Marine Corps Installations West
www.mcjrotc.marines.mil,Marine Corps,Marine Corps Junior ROTC Training and Education Command
www.albany.marines.mil,Marine Corps,Marine Corps Logistics Base Albany
www.mclbbarstow.marines.mil,Marine Corps,Marine Corps Logistics Base Barstow
www.logcom.marines.mil,Marine Corps,Marine Corps Logistics Command
www.29palms.marines.mil,Marine Corps,Marine Corps Mountain Warfare Training Center
www.mcrdpi.marines.mil,Marine Corps,Marine Corps Recruit Depot Parris Island
www.mcrdsd.marines.mil,Marine Corps,"Marine Corps Recruit Depot, San Diego"
www.mcrc.marines.mil,Marine Corps,Marine Corps Recruiting Command
www.mcsfr.marines.mil,Marine Corps,Marine Corps Security Force Regiment
www.mcsf-nola.marines.mil,Marine Corps,Marine Corps Support Facility New Orleans
www.marcorsyscom.marines.mil,Marine Corps,Marine Corps Systems Command
www.marcorsyscom.marines.mil,Marine Corps,Marine Corps Tactical Systems Support Activity
www.tecom.marines.mil,Marine Corps,Marine Corps Training and Education Command
www.mcwl.marines.mil,Marine Corps,Marine Corps Warfighting Laboratory
www.marforcom.marines.mil,Marine Corps,Marine Forces Command
www.music.marines.mil,Marine Corps,Marine Music
www.tf515.marines.mil,Marine Corps,"Naval Amphibious Force, TF 51-5th Marine Expeditionary Brigade"
www.okinawa.marines.mil,Marine Corps,Okinawa Marines
www.hqmc.marines.mil,Marine Corps,"Plans, Policies and Operations"
www.peols.marines.mil,Marine Corps,Program Executive Officer Land Systems
www.hqmc.marines.mil,Marine Corps,Programs and Resources
www.ready.marines.mil,Marine Corps,Ready Marine Corps
www.safety.marines.mil,Marine Corps,Safety
www.trngcmd.marines.mil,Marine Corps,School of Infantry-East
www.trngcmd.marines.mil,Marine Corps,School of Infantry-West
www.smmc.marines.mil,Marine Corps,Sergeant Major of the Marine Corps
www.hqmc.marines.mil,Marine Corps,Staff Judge Advocate
www.marines.mil,Marine Corps,The Official United States Marine Corps Public Website
www.marineband.marines.mil,Marine Corps,The United States Marine Band
www.drumcorps.marines.mil,Marine Corps,The United States Marine Drum & Bugle Corps
www.trngcmd.marines.mil,Marine Corps,Train the Trainer School
www.trngcmd.marines.mil,Marine Corps,Training Command
www.comcam.marines.mil,Marine Corps,U.S. Marine Corps Combat Camera
www.fitness.marines.mil,Marine Corps,U.S. Marine Corps Fitness
www.marforcyber.marines.mil,Marine Corps,U.S. Marine Corps Forces Cyberspace Command
www.marfork.marines.mil,Marine Corps,"U.S. Marine Corps Forces, Korea"
www.marforpac.marines.mil,Marine Corps,"U.S. Marine Corps Forces, Pacific"
www.usmcu.edu,Marine Corps,U.S. Marine Corps University
www.woundedwarrior.marines.mil,Marine Corps,Wounded Warrior Regiment
www.24thmeu.marines.mil,Marine Corps,www.24thmeu.marines.mil
allhands.navy.mil,Navy,All Hands Magazine of the U.S. Navy
www.amphib7flt.navy.mil,Navy,Amphibious Force 7th Fleet
www.bracpmo.navy.mil,Navy,Base Realignment and Closure (BRAC) Program Management Office
www.mynavyhr.navy.mil,Navy,BUPERS/Navy Personnel Command
www.med.navy.mil,Navy,Bureau of Medicine & Surgery
www.mynavyhr.navy.mil,Navy,Bureau of Naval Personnel/Navy Personnel Command
www.cvw5.navy.mil,Navy,Carrier Air Wing 5 (CVW-5)
ffr.cnic.navy.mil,Navy,CNIC Fleet and Family Readiness
www.ccsg15.navy.mil,Navy,Command Carrier Strike Group Fifteen
www.csp.navy.mil,Navy,Command Submarine Force Pacific Fleet
ndw.cnic.navy.mil,Navy,"Commandant, Naval District Washington"
www.clwp.navy.mil,Navy,"Commander Logistics Group, Western Pacific"
www.c7f.navy.mil,Navy,Commander U.S. 7th Fleet
www.csg4.usff.navy.mil,Navy,"Commander, Carrier Strike Group 4"
jrm.cnic.navy.mil,Navy,"Commander, Joint Region Marianas"
www.navifor.usff.navy.mil,Navy,"Commander, Naval Information Forces"
www.cnmoc.usff.navy.mil,Navy,"Commander, Naval Meteorology and Oceanography Command"
www.surflant.usff.navy.mil,Navy,"Commander, Naval Surface Force Atlantic"
www.surfpac.navy.mil,Navy,"Commander, Naval Surface Force, U.S. Pacific Fleet"
www.necc.usff.navy.mil,Navy,"Commander, Navy Expeditionary Combat Command"
www.cnic.navy.mil,Navy,"Commander, Navy Installations Command (CNIC)"
cnreurafcent.cnic.navy.mil,Navy,"Commander, Navy Region Europe, Africa, Central"
cnrh.cnic.navy.mil,Navy,"Commander, Navy Region Hawaii"
cnrma.cnic.navy.mil,Navy,"Commander, Navy Region Mid-Atlantic"
cnrnw.cnic.navy.mil,Navy,"Commander, Navy Region Northwest"
cnrse.cnic.navy.mil,Navy,"Commander, Navy Region Southeast"
cnrsw.cnic.navy.mil,Navy,"Commander, Navy Region Southwest"
cnrj.cnic.navy.mil,Navy,"Commander, Navy Region, Japan"
cnrk.cnic.navy.mil,Navy,"Commander, Navy Region, Korea"
www.cprw1.navy.mil,Navy,"Commander, Patrol and Reconnaissance Wing One"
www.c2f.usff.navy.mil,Navy,"Commander, U.S. 2nd Fleet"
www.c3f.navy.mil,Navy,"Commander, U.S. 3rd Fleet"
www.cpf.navy.mil,Navy,"Commander, U.S. Pacific Fleet"
www.ewtgpac.navy.mil,Navy,Expeditionary Warfare Training Group
www.ffsp.navy.mil,Navy,Fleet and Family Support Program
www.fcc.navy.mil,Navy,Fleet Cyber Command/U.S. Tenth Fleet
frcse.navair.navy.mil,Navy,Fleet Readiness Center South East (FRCSE)
frcsw.navair.navy.mil,Navy,Fleet Readiness Center Southwest
www.c6f.navy.mil,Navy,LCPO for U.S. Naval Forces Europe-Africa/U.S. 6th Fleet
nmio.ise.gov,Navy,National Maritime Intelligence Office
www.airlant.usff.navy.mil,Navy,Naval Air Force U.S. Atlantic Fleet
www.airpac.navy.mil,Navy,"Naval Air Force, U.S. Pacific Fleet"
navalaviationnews.navylive.dodlive.mil,Navy,Naval Aviation News
www.ncis.navy.mil,Navy,Naval Criminal Investigative Service (NCIS)
www.netc.navy.mil,Navy,Naval Education and Training Command
atlantic.navfac.navy.mil,Navy,Naval Facilities Engineering Systems Command - Atlantic
exwc.navfac.navy.mil,Navy,Naval Facilities Engineering Systems Command - Engineering and Expeditionary Warfare Center
ncc.navfac.navy.mil,Navy,Naval Facilities Engineering Systems Command - Navy Crane Center
pacific.navfac.navy.mil,Navy,Naval Facilities Engineering Systems Command - Pacific
www.navfac.navy.mil,Navy,Naval Facilities Engineering Systems Command (NAVFAC)
navalsafetycenter.navy.mil,Navy,Naval Safety Center
www.navsea.navy.mil,Navy,NAVAL Sea Systems Command
www.nsw.navy.mil,Navy,Naval Special Warfare Command
scnewsltr.dodlive.mil,Navy,Naval Supply Corps Newsletter
www.navsup.navy.mil,Navy,Naval Supply Systems Command
www.netc.navy.mil,Navy,Navy Education and Training Command (NETC)
www.bootcamp.navy.mil,Navy,"Navy Education and Training Command (NETC), Bootcamp"
jag.navylive.dodlive.mil,Navy,Navy JAG
outreach.navy.mil,Navy,Navy Office of Community Outreach
www.cnrc.navy.mil,Navy,Navy Recruiting Command
www.navyreserve.navy.mil,Navy,Navy Reserve Forces Command (RESFOR)
www.nwdc.usff.navy.mil,Navy,Navy Warfare Development Command
www.oni.navy.mil,Navy,Office of Naval Intelligence
p2p.navy.mil,Navy,Performance To Plan
www.insurv.usff.navy.mil,Navy,President Board of Inspection and Survey
www.ready.navy.mil,Navy,Ready Navy
seabeemagazine.navylive.dodlive.mil,Navy,SeaBee Magazine
www.seaport.navy.mil,Navy,"SeaPort (Harnessing Power, Navigating Change"
www.sublant.usff.navy.mil,Navy,Submarine Force U.S. Atlantic Fleet
www.ttgp.navy.mil,Navy,"Tactical Training Group, Pacific"
www.usff.navy.mil,Navy,U.S. Fleet Forces
www.msc.usff.navy.mil,Navy,U.S. Military Sealift Command
www.nepa.navy.mil,Navy,U.S. National Environment Agency
www.usncc.edu,Navy,U.S. Naval Community College
www.cusnc.navy.mil,Navy,U.S. Naval Forces Central Command
www.fourthfleet.navy.mil,Navy,U.S. Naval Forces Southern Command / U.S. Fourth Fleet
www.nrl.navy.mil,Navy,U.S. Naval Research Laboratory
www.srf.navy.mil,Navy,"U.S. Naval Ship Repair Facility, Japan Regional Maintenance Center"
www.navy.mil,Navy,U.S. Navy
usnhistory.navylive.dodlive.mil,Navy,U.S. Navy History Blog
www.navyreserve.navy.mil,Navy,U.S. Navy Reserve
www.airpac.navy.mil,Navy,U.S. Pacific Fleet
www.atlanticarea.uscg.mil,Coast Guard,Atlantic Area
www.dcms.uscg.mil,Coast Guard,Deputy Commandant for Mission Support
www.dco.uscg.mil,Coast Guard,Deputy Commandant for Operations
www.forcecom.uscg.mil,Coast Guard,Forcecom
www.history.uscg.mil,Coast Guard,History
www.mycg.uscg.mil,Coast Guard,MyCG
www.mycg.uscg.mil,Coast Guard,MyCG
www.ncgm.uscg.mil,Coast Guard,National Coast Guard Museum
www.news.uscg.mil,Coast Guard,News
www.pacificarea.uscg.mil,Coast Guard,Pacific Area
www.reserve.uscg.mil,Coast Guard,Reserve
www.uscg.mil,Coast Guard,United States Coast Guard
al.ng.mil,National Guard,Alabama National Guard
ak.ng.mil,National Guard,Alaska National Guard
arkansas.nationalguard.mil,National Guard,Arkansas National Guard
www.army.nationalguard.mil,National Guard,Army National Guard
www.atterburymuscatatuck.in.ng.mil,National Guard,Atterbury Muscatatuck
co.ng.mil,National Guard,Colorado National Guard
ct.ng.mil,National Guard,Connecticut National Guard
dc.ng.mil,National Guard,D.C. National Guard
www.de.ng.mil,National Guard,Delaware National Guard
www.ftig.ng.mil,National Guard,Fort Indiantown Gap
ga.ng.mil,National Guard,Georgia National Guard
www.gu.ng.mil,National Guard,Guam National Guard
www.il.ngb.army.mil,National Guard,Illinois National Guard
www.in.ng.mil,National Guard,Indiana National Guard
ky.ng.mil,National Guard,Kentucky Guard
www.me.ngb.army.mil,National Guard,Maine National Guard
campedwards.ng.mil,National Guard,Massachusetts Army National Guard
minationalguard.dodlive.mil,National Guard,Michigan National Guard
www.moguard.ngb.mil,National Guard,Missouri National Guard
www.nationalguard.mil,National Guard,National Guard
www.ngbpmc.ng.mil,National Guard,National Guard Bureau Publications & Forms Library
nh.ng.mil,National Guard,New Hampshire National Guard
ok.ng.mil,National Guard,Oklahoma National Guard
www.pa.ng.mil,National Guard,Pennsylvania National Guard
ri.ng.mil,National Guard,Rhode Island National Guard
www.scguard.ng.mil,National Guard,South Carolina National Guard
ut.ng.mil,National Guard,Utah National Guard
vt.public.ng.mil,National Guard,Vermont National Guard
www.ngfamily.vt.gov,National Guard,Vermont National Guard Family Programs
vi.ng.mil,National Guard,Virgin Islands National Guard
va.ng.mil,National Guard,Virginia National Guard
www.wv.ng.mil,National Guard,West Virginia National Guard
www.buckley.spaceforce.mil,Space Force,Buckley Space Force Base
www.losangeles.spaceforce.mil,Space Force,Los Angeles Space Force Base
www.patrick.spaceforce.mil,Space Force,Patrick Space Force Base/Space Launch Delta 45
www.peterson.spaceforce.mil,Space Force,Peterson Space Force Base
www.schriever.spaceforce.mil,Space Force,Schriever Space Force Base
www.spoc.spaceforce.mil,Space Force,Space Operations Command (SPOC)
www.ssc.spaceforce.mil,Space Force,Space Systems Command
www.starcom.spaceforce.mil,Space Force,Space Training ad Readiness Command (STARCOM)
www.spaceforce.mil,Space Force,United States Space Force
www.vandenberg.spaceforce.mil,Space Force,Vandenberg Space Force Base
airforceacademy.tricare.mil,Defense Health Agency,10th Medical Group - Air Force Academy
AnacostiaBolling.tricare.mil,Defense Health Agency,11th Medical Squadron - Joint Base Anacostia-Bolling
Columbus.tricare.mil,Defense Health Agency,14th Medical Group - Columbus Air Force Base
goodfellow.tricare.mil,Defense Health Agency,17th Medical Group - Goodfellow Air Force Base
kadena.tricare.mil,Defense Health Agency,18th Medical Group - Kadena Air Base
littlerock.tricare.mil,Defense Health Agency,19th Medical Group - Little Rock Air Force Base
Hurlburt.tricare.mil,Defense Health Agency,1st Special Operations Medical Group - Hurlburt Field
shaw.tricare.mil,Defense Health Agency,20th Medical Group - Shaw Air Force Base
Peterson.tricare.mil,Defense Health Agency,21st Medical Group - Peterson Air Force Base
mcconnell.tricare.mil,Defense Health Agency,22d Medical Group - McConnell Air Force Base
moody.tricare.mil,Defense Health Agency,23d Medical Group - Moody Air Force Base
Cannon.tricare.mil,Defense Health Agency,27th Special Operations Medical Group - Cannon Air Force Base
Ellsworth.tricare.mil,Defense Health Agency,28th Medical Group - Ellsworth Air Force Base
barksdale.tricare.mil,Defense Health Agency,2d Medical Group - Barksdale Air Force Base
vandenberg.tricare.mil,Defense Health Agency,30th Medical Group - Vandenberg Air Force Base
andrews.tricare.mil,Defense Health Agency,316th Medical Group - Joint Base Andrews (Malcom Grow Medical Clinics and Surgery Center)
grandforks.tricare.mil,Defense Health Agency,319th Medical Group - Grand Forks Air Force Base
aviano.tricare.mil,Defense Health Agency,31st Medical Group - Aviano Air Base
tyndall.tricare.mil,Defense Health Agency,325th Medical Group - Tyndall Air Force Base
malmstrom.tricare.mil,Defense Health Agency,341st Medical Group - Malmstrom Air Force Base
eielson.tricare.mil,Defense Health Agency,354th Medical Group - Eielson Air Force Base
DavisMonthan.tricare.mil,Defense Health Agency,355th Medical Group - Davis-Monthan Air Force Base
misawa.tricare.mil,Defense Health Agency,35th Medical Group - Misawa Air Base
mountainhome.tricare.mil,Defense Health Agency,366th Medical Group - Mountain Home Air Force Base
andersen.tricare.mil,Defense Health Agency,36th Medical Group - Andersen Air Force Base
yokota.tricare.mil,Defense Health Agency,374th Medical Group - Yokota Air Base
Scott.tricare.mil,Defense Health Agency,375th Medical Group - Scott Air Force Base
kirtland.tricare.mil,Defense Health Agency,377th Medical Group - Kirtland Air Force Base
incirlik.tricare.mil,Defense Health Agency,39th Medical Group - Incirlik Air Base
edwards.tricare.mil,Defense Health Agency,412th Medical Group - Edwards Air Force Base
rafcroughton.tricare.mil,Defense Health Agency,422d Medical Squadron - RAF Croughton
rafalconbury.tricare.mil,Defense Health Agency,423d Medical Squadron - RAF Alconbury
maxwell.tricare.mil,Defense Health Agency,42d Medical Group - Maxwell Air Force Base
Dover.tricare.mil,Defense Health Agency,436th Medical Group - Dover Air Force Base
pope.tricare.mil,Defense Health Agency,43d Medical Squadron - Pope Field
patrick.tricare.mil,Defense Health Agency,45th Medical Group - Patrick Air Force Base
Buckley.tricare.mil,Defense Health Agency,460th Medical Group - Buckley Air Force Base
laughlin.tricare.mil,Defense Health Agency,47th Medical Group - Laughlin Air Force Base
raflakenheath.tricare.mil,Defense Health Agency,48th Medical Group - RAF Lakenheath
Holloman.tricare.mil,Defense Health Agency,49th Medical Group - Holloman Air Force Base
seymourjohnson.tricare.mil,Defense Health Agency,4th Medical Group - Seymour Johnson Air Force Base
whiteman.tricare.mil,Defense Health Agency,509th Medical Group - Whiteman Air Force Base
osan.tricare.mil,Defense Health Agency,51st Medical Group - Osan Air Base
spangdahlem.tricare.mil,Defense Health Agency,52nd Medical Group - Spangdahlem Air Base
offutt.tricare.mil,Defense Health Agency,55th Medical Group - Offutt Air Force Base
luke.tricare.mil,Defense Health Agency,56th Medical Group - Luke Air Force Base
wilfordhall.tricare.mil,Defense Health Agency,59th Medical Wing - JBSA - Wilford Hall Ambulatory Surgical Center
minot.tricare.mil,Defense Health Agency,5th Medical Group - Minot Air Force Base
travis.tricare.mil,Defense Health Agency,60th Medical Group - Travis Air Force Base
losangeles.tricare.mil,Defense Health Agency,61st Medical Squadron - Los Angeles Air Force Base
Charleston.tricare.mil,Defense Health Agency,628th Medical Group - Joint Base Charleston
LewisMcChord.tricare.mil,Defense Health Agency,62nd Medical Squadron - Joint Base Lewis-McChord
LangleyEustis.tricare.mil,Defense Health Agency,633d Medical Group - Joint Base Langley-Eustis
hanscom.tricare.mil,Defense Health Agency,66th Medical Squadron - Hanscom Air Force Base
ElmendorfRichardson.tricare.mil,Defense Health Agency,673d Medical Group - Joint Base Elmendorf-Richardson
macdill.tricare.mil,Defense Health Agency,6th Medical Group - MacDill Air Force Base
vance.tricare.mil,Defense Health Agency,71st Medical Group - Vance Air Force Base
tinker.tricare.mil,Defense Health Agency,72d Medical Group - Tinker Air Force Base
hill.tricare.mil,Defense Health Agency,75th Medical Group - Hill Air Force Base
robins.tricare.mil,Defense Health Agency,78th Medical Group - Robins Air Force Base
Dyess.tricare.mil,Defense Health Agency,7th Medical Group - Dyess Air Force Base
keesler.tricare.mil,Defense Health Agency,81st Medical Group - Keesler Air Force Base
sheppard.tricare.mil,Defense Health Agency,82nd Medical Group - Sheppard Air Force Base
ramstein.tricare.mil,Defense Health Agency,86th Medical Group - Ramstein Air Base
McGuireDixlakehurst.tricare.mil,Defense Health Agency,87th Medical Group - Joint Base McGuire-Dix-Lakehurst
wrightpatterson.tricare.mil,Defense Health Agency,88th Medical Group - Wright-Patterson Air Force Base
kunsan.tricare.mil,Defense Health Agency,8th Medical Group - Kunsan Air Base
fewarren.tricare.mil,Defense Health Agency,90th Medical Group - F.E. Warren Air Force Base
Fairchild.tricare.mil,Defense Health Agency,92d Medical Group - Fairchild Air Force Base
eglin.tricare.mil,Defense Health Agency,96th Medical Group - Eglin Air Force Base
altus.tricare.mil,Defense Health Agency,97th Medical Group - Altus Air Force Base
nellis.tricare.mil,Defense Health Agency,99th Medical Group - Nellis Air Force Base
beale.tricare.mil,Defense Health Agency,9th Medical Group - Beale Air Force Base
bayne-jones.tricare.mil,Defense Health Agency,ACH Bayne-Jones-Polk
leonard-wood.tricare.mil,Defense Health Agency,ACH Leonard Wood
weed-irwin.tricare.mil,Defense Health Agency,ACH Weed-Irwin
briandallgood.tricare.mil,Defense Health Agency,ACH-Brian Allgood AHC-Seoul
bg-crawford.tricare.mil,Defense Health Agency,AHC BG Crawford Sams-Camp Zama
guantanamo.tricare.mil,Defense Health Agency,AHC Guantanamo Bay
munson.tricare.mil,Defense Health Agency,AHC Munson-Leavenworth
raymond-bliss.tricare.mil,Defense Health Agency,AHC R W Bliss-Huachuca
reynolds.tricare.mil,Defense Health Agency,AHC Reynolds-Sill
bamc.tricare.mil,Defense Health Agency,AMC Brooke Army Medical Center-FSH
madigan.tricare.mil,Defense Health Agency,AMC Madigan-Lewis
william-beaumont.tricare.mil,Defense Health Agency,AMC William Beaumont-Bliss
rader.tricare.mil,Defense Health Agency,Andrew Rader Army Health Clinic
southcomclinic.tricare.mil,Defense Health Agency,Army Health Clinic SOUTHCOM
darnall.tricare.mil,Defense Health Agency,Army Medical Center Darnall-Hood
womack.tricare.mil,Defense Health Agency,Army Medical Center Womack-Bragg
barquist.tricare.mil,Defense Health Agency,Barquist Army Health Clinic
bassett-wainwright.tricare.mil,Defense Health Agency,Bassett-Wainwright ACH
mhs-europe.tricare.mil,Defense Health Agency,Bavaria MEDDAC-Vilseck
blanchfield.tricare.mil,Defense Health Agency,Blanchfield-Campbell Army Community Hospital
calmed.tricare.mil,Defense Health Agency,California Medical Detachment
desmond-doss.tricare.mil,Defense Health Agency,Desmond Doss Health Clinic
dunham.tricare.mil,Defense Health Agency,Duham Army Health Clinic
eisenhower.tricare.mil,Defense Health Agency,Eisenhower Army Medical Center
evans.tricare.mil,Defense Health Agency,Evans Army Community Hospital
belvoirhospital.tricare.mil,Defense Health Agency,Fort Belvoir Community Hospital
guthrie.tricare.mil,Defense Health Agency,Fort Drum and Guthrie Ambulatory
redstone.tricare.mil,Defense Health Agency,Fox Army Health Center
ireland.tricare.mil,Defense Health Agency,Ireland Army Health Clinic
irwin.tricare.mil,Defense Health Agency,Irwin Army Community Hospital
PearlHarborHickam.tricare.mil,Defense Health Agency,Joint Base Pearl Harbor-Hickman
keller.tricare.mil,Defense Health Agency,Keller-West Point Army Community Hospital
kenner.tricare.mil,Defense Health Agency,Kenner Army Health Clinic
kimbrough.tricare.mil,Defense Health Agency,Kimbrough Ambulatory Care Center
kirk.tricare.mil,Defense Health Agency,Kirk Army Medical Health Clinic
landstuhl.tricare.mil,Defense Health Agency,Landstuhl Regional Medcen
lyster.tricare.mil,Defense Health Agency,Lyster Army Health Clinic
martin.tricare.mil,Defense Health Agency,Martin-Benning Army Community Hospital
mcdonald.tricare.mil,Defense Health Agency,McDonald-Eustis Army Health Center
moncrief.tricare.mil,Defense Health Agency,Moncrief Army Health Clinic
annapolis.tricare.mil,Defense Health Agency,Naval Health Clinic Annapolis
NHC-Charleston.tricare.mil,Defense Health Agency,Naval Health Clinic Charleston
cherrypoint.tricare.mil,Defense Health Agency,Naval Health Clinic Cherry Point
corpuschristi.tricare.mil,Defense Health Agency,Naval Health Clinic Corpus Christi
lemoore.tricare.mil,Defense Health Agency,Naval Health Clinic Lemoore
newengland.tricare.mil,Defense Health Agency,Naval Health Clinic New England
bremerton.tricare.mil,Defense Health Agency,Naval Hospital Bremerton
camp-pendleton.tricare.mil,Defense Health Agency,Naval Hospital Camp Pendleton
guam.tricare.mil,Defense Health Agency,Naval Hospital Guam
jacksonville.tricare.mil,Defense Health Agency,Naval Hospital Jacksonville
naples.tricare.mil,Defense Health Agency,Naval Hospital Naples
sigonella.tricare.mil,Defense Health Agency,Naval Hospital Sigonella
twentynine-palms.tricare.mil,Defense Health Agency,Naval Hospital Twentynine Palms
yokosuka.tricare.mil,Defense Health Agency,Naval Hospital Yokosuka
camp-lejeune.tricare.mil,Defense Health Agency,Naval Medical Center Camp Lejeune
portsmouth.tricare.mil,Defense Health Agency,Naval Medical Center Portsmouth
sandiego.tricare.mil,Defense Health Agency,Naval Medical Center San Diego
pensacola.tricare.mil,Defense Health Agency,Navy Hospital Pensacola
rota.tricare.mil,Defense Health Agency,Navy Medicine Readiness and Training Center Rota
diegogarcia.tricare.mil,Defense Health Agency,NBHC NSF Diego Garcia
newsroom.tricare.mil,Defense Health Agency,Newsroom
nhchawaii.tricare.mil,Defense Health Agency,NHC Hawaii
oakharbor.tricare.mil,Defense Health Agency,NHC Oak Harbor
paxriver.tricare.mil,Defense Health Agency,NHC Patuxent River
quantico.tricare.mil,Defense Health Agency,NHC Quantico
beaufort.tricare.mil,Defense Health Agency,NMRTC Beaufort
rodriguez.tricare.mil,Defense Health Agency,Rodriguez-Buchanan Army Health Clinic
tripler.tricare.mil,Defense Health Agency,Tripler Army Medical Center
okinawa.tricare.mil,Defense Health Agency,U.S. Naval Hospital Okinawa
wrair.health.mil,Defense Health Agency,Walter Reed Army Institute of Research
walterreed.tricare.mil,Defense Health Agency,Walter Reed National MILMED CNTR
winn.tricare.mil,Defense Health Agency,Winn Army Community Hospital